company,bean_origin_bar,ref,review_year,company_location,rating,bean_type,broad_bean_origin,cocoa_percent_clean,rating_outlier,cocoa_percent_clean_outlier,premium_flag,cocoa_category,brand_avg_rating,brand_tier,origin_avg_rating,origin_score,premium_origin_flag,rating_segment,company_region,cluster,cluster_label
A. Morin,Agua Grande,1876,2016,France,3.75,,Sao Tome,63.0,False,False,True,Medium (60-75%),3.380434782608696,Standard,3.175,58.7,False,Outstanding,Europe,0,Premium
A. Morin,Kpime,1676,2015,France,2.75,,Togo,70.0,False,False,False,Medium (60-75%),3.380434782608696,Standard,3.083333333333333,54.2,False,Average,Europe,0,Premium
A. Morin,Atsane,1676,2015,France,3.0,,Togo,70.0,False,False,False,Medium (60-75%),3.380434782608696,Standard,3.083333333333333,54.2,False,Average,Europe,0,Premium
A. Morin,Akata,1680,2015,France,3.5,,Togo,70.0,False,False,True,Medium (60-75%),3.380434782608696,Standard,3.083333333333333,54.2,False,Good,Europe,0,Premium
A. Morin,Quilla,1704,2015,France,3.5,,Peru,70.0,False,False,True,Medium (60-75%),3.380434782608696,Standard,3.137878787878788,56.9,False,Good,Europe,0,Premium
A. Morin,Carenero,1315,2014,France,2.75,Criollo,Venezuela,70.0,False,False,False,Medium (60-75%),3.380434782608696,Standard,3.2453271028037385,62.3,True,Average,Europe,0,Premium
A. Morin,Cuba,1315,2014,France,3.5,,Cuba,70.0,False,False,True,Medium (60-75%),3.380434782608696,Standard,3.25,62.5,True,Good,Europe,0,Premium
A. Morin,Sur Del Lago,1315,2014,France,3.5,Criollo,Venezuela,70.0,False,False,True,Medium (60-75%),3.380434782608696,Standard,3.2453271028037385,62.3,True,Good,Europe,0,Premium
A. Morin,Puerto Cabello,1319,2014,France,3.75,Criollo,Venezuela,70.0,False,False,True,Medium (60-75%),3.380434782608696,Standard,3.2453271028037385,62.3,True,Outstanding,Europe,0,Premium
A. Morin,Pablino,1319,2014,France,4.0,,Peru,70.0,False,False,True,Medium (60-75%),3.380434782608696,Standard,3.137878787878788,56.9,False,Outstanding,Europe,0,Premium
A. Morin,Panama,1011,2013,France,2.75,,Panama,70.0,False,False,False,Medium (60-75%),3.380434782608696,Standard,3.1785714285714284,58.9,False,Average,Europe,0,Premium
A. Morin,Madagascar,1011,2013,France,3.0,Criollo,Madagascar,70.0,False,False,False,Medium (60-75%),3.380434782608696,Standard,3.2655172413793103,63.3,True,Average,Europe,0,Premium
A. Morin,Brazil,1011,2013,France,3.25,,Brazil,70.0,False,False,False,Medium (60-75%),3.380434782608696,Standard,3.284482758620689,64.2,True,Good,Europe,0,Premium
A. Morin,Equateur,1011,2013,France,3.75,,Ecuador,70.0,False,False,True,Medium (60-75%),3.380434782608696,Standard,3.134715025906736,56.7,False,Outstanding,Europe,0,Premium
A. Morin,Colombie,1015,2013,France,2.75,,Colombia,70.0,False,False,False,Medium (60-75%),3.380434782608696,Standard,3.225,61.3,False,Average,Europe,0,Premium
A. Morin,Birmanie,1015,2013,France,3.0,,Burma,70.0,False,False,False,Medium (60-75%),3.380434782608696,Standard,3.0,50.0,False,Average,Europe,0,Premium
A. Morin,Papua New Guinea,1015,2013,France,3.25,,Papua New Guinea,70.0,False,False,False,Medium (60-75%),3.380434782608696,Standard,3.2916666666666665,64.6,True,Good,Europe,0,Premium
A. Morin,Chuao,1015,2013,France,4.0,Trinitario,Venezuela,70.0,False,False,True,Medium (60-75%),3.380434782608696,Standard,3.2453271028037385,62.3,True,Outstanding,Europe,0,Premium
A. Morin,Piura,1019,2013,France,3.25,,Peru,70.0,False,False,False,Medium (60-75%),3.380434782608696,Standard,3.137878787878788,56.9,False,Good,Europe,0,Premium
A. Morin,Chanchamayo Province,1019,2013,France,3.5,,Peru,70.0,False,False,True,Medium (60-75%),3.380434782608696,Standard,3.137878787878788,56.9,False,Good,Europe,0,Premium
A. Morin,Chanchamayo Province,1019,2013,France,4.0,,Peru,63.0,False,False,True,Medium (60-75%),3.380434782608696,Standard,3.137878787878788,56.9,False,Outstanding,Europe,0,Premium
A. Morin,Bolivia,797,2012,France,3.5,,Bolivia,70.0,False,False,True,Medium (60-75%),3.380434782608696,Standard,3.1973684210526314,59.9,False,Good,Europe,0,Premium
A. Morin,Peru,797,2012,France,3.75,,Peru,63.0,False,False,True,Medium (60-75%),3.380434782608696,Standard,3.137878787878788,56.9,False,Outstanding,Europe,1,Mass Market
Acalli,"Chulucanas, El Platanal",1462,2015,USA,3.75,,Peru,70.0,False,False,True,Medium (60-75%),3.75,Elite,3.137878787878788,56.9,False,Outstanding,North America,0,Premium
Acalli,"Tumbes, Norandino",1470,2015,USA,3.75,Criollo,Peru,70.0,False,False,True,Medium (60-75%),3.75,Elite,3.137878787878788,56.9,False,Outstanding,North America,0,Premium
Adi,Vanua Levu,705,2011,Fiji,2.75,Trinitario,Fiji,60.0,False,False,False,Medium (60-75%),3.25,Standard,3.125,56.2,False,Average,Other,1,Mass Market
Adi,"Vanua Levu, Toto-A",705,2011,Fiji,3.25,Trinitario,Fiji,80.0,False,False,False,High (>75%),3.25,Standard,3.125,56.2,False,Good,Other,2,Experimental
Adi,Vanua Levu,705,2011,Fiji,3.5,Trinitario,Fiji,88.0,False,False,True,High (>75%),3.25,Standard,3.125,56.2,False,Good,Other,2,Experimental
Adi,"Vanua Levu, Ami-Ami-Ca",705,2011,Fiji,3.5,Trinitario,Fiji,72.0,False,False,True,Medium (60-75%),3.25,Standard,3.125,56.2,False,Good,Other,1,Mass Market
Aequare (Gianduja),"Los Rios, Quevedo, Arriba",370,2009,Ecuador,2.75,Forastero (Arriba),Ecuador,55.0,False,False,False,Low (<60%),2.875,Low-Rated,3.134715025906736,56.7,False,Average,South America,1,Mass Market
Aequare (Gianduja),"Los Rios, Quevedo, Arriba",370,2009,Ecuador,3.0,Forastero (Arriba),Ecuador,70.0,False,False,False,Medium (60-75%),2.875,Low-Rated,3.134715025906736,56.7,False,Average,South America,1,Mass Market
Ah Cacao,Tabasco,316,2009,Mexico,3.0,Criollo,Mexico,70.0,False,False,False,Medium (60-75%),3.0,Standard,3.0083333333333333,50.4,False,Average,North America,1,Mass Market
Akesson'S (Pralus),"Bali (West), Sukrama Family, Melaya Area",636,2011,Switzerland,3.75,Trinitario,Indonesia,75.0,False,False,True,Medium (60-75%),3.083333333333333,Standard,3.1875,59.4,False,Outstanding,Europe,1,Mass Market
Akesson'S (Pralus),"Madagascar, Ambolikapiky P.",502,2010,Switzerland,2.75,Criollo,Madagascar,75.0,False,False,False,Medium (60-75%),3.083333333333333,Standard,3.2655172413793103,63.3,True,Average,Europe,2,Experimental
Akesson'S (Pralus),"Monte Alegre, D. Badero",508,2010,Switzerland,2.75,Forastero,Brazil,75.0,False,False,False,Medium (60-75%),3.083333333333333,Standard,3.284482758620689,64.2,True,Average,Europe,2,Experimental
Alain Ducasse,Trinite,1215,2014,France,2.75,Trinitario,Trinidad,65.0,False,False,False,Medium (60-75%),2.7,Low-Rated,3.2045454545454546,60.2,False,Average,Europe,0,Premium
Alain Ducasse,Vietnam,1215,2014,France,2.75,Trinitario,Vietnam,75.0,False,False,False,Medium (60-75%),2.7,Low-Rated,3.3157894736842106,65.8,True,Average,Europe,2,Experimental
Alain Ducasse,Madagascar,1215,2014,France,3.0,Trinitario,Madagascar,75.0,False,False,False,Medium (60-75%),2.7,Low-Rated,3.2655172413793103,63.3,True,Average,Europe,0,Premium
Alain Ducasse,Chuao,1061,2013,France,2.5,Trinitario,Venezuela,75.0,False,False,False,Medium (60-75%),2.7,Low-Rated,3.2453271028037385,62.3,True,Below Average,Europe,2,Experimental
Alain Ducasse,"Piura, Perou",1173,2013,France,2.5,,Peru,75.0,False,False,False,Medium (60-75%),2.7,Low-Rated,3.137878787878788,56.9,False,Below Average,Europe,2,Experimental
Alexandre,"Winak Coop, Napo",1944,2017,Netherlands,3.5,Forastero (Nacional),Ecuador,70.0,False,False,True,Medium (60-75%),3.5,Elite,3.134715025906736,56.7,False,Good,Europe,0,Premium
Alexandre,"La Dalia, Matagalpa",1944,2017,Netherlands,3.5,"Criollo, Trinitario",Nicaragua,70.0,False,False,True,Medium (60-75%),3.5,Elite,3.2,60.0,False,Good,Europe,0,Premium
Alexandre,Tien Giang,1944,2017,Netherlands,3.5,Trinitario,Vietnam,70.0,False,False,True,Medium (60-75%),3.5,Elite,3.3157894736842106,65.8,True,Good,Europe,0,Premium
Alexandre,"Makwale Village, Kyela",1944,2017,Netherlands,3.5,Forastero,Tanzania,70.0,False,False,True,Medium (60-75%),3.5,Elite,3.2058823529411766,60.3,False,Good,Europe,0,Premium
Altus Aka Cao Artisan,Momotombo,1728,2016,USA,2.75,,Nicaragua,60.0,False,False,False,Medium (60-75%),2.85,Low-Rated,3.2,60.0,False,Average,North America,0,Premium
Altus Aka Cao Artisan,Acopagro,1728,2016,USA,3.0,,Peru,60.0,False,False,False,Medium (60-75%),2.85,Low-Rated,3.137878787878788,56.9,False,Average,North America,0,Premium
Altus Aka Cao Artisan,Ciaab Coop,1732,2016,USA,2.5,,Bolivia,60.0,False,False,False,Medium (60-75%),2.85,Low-Rated,3.1973684210526314,59.9,False,Below Average,North America,0,Premium
Altus Aka Cao Artisan,Villa Andina,1732,2016,USA,2.5,,Peru,60.0,False,False,False,Medium (60-75%),2.85,Low-Rated,3.137878787878788,56.9,False,Below Average,North America,0,Premium
Altus Aka Cao Artisan,Gruppo Salinas,1732,2016,USA,2.75,,Ecuador,60.0,False,False,False,Medium (60-75%),2.85,Low-Rated,3.134715025906736,56.7,False,Average,North America,0,Premium
Altus Aka Cao Artisan,Sur Del Lago,1125,2013,USA,2.5,,Venezuela,60.0,False,False,False,Medium (60-75%),2.85,Low-Rated,3.2453271028037385,62.3,True,Below Average,North America,0,Premium
Altus Aka Cao Artisan,Conacado,1125,2013,USA,3.0,Trinitario,Dominican Republic,60.0,False,False,False,Medium (60-75%),2.85,Low-Rated,3.2063253012048194,60.3,False,Average,North America,0,Premium
Altus Aka Cao Artisan,Bolivia,1129,2013,USA,3.25,,Bolivia,80.0,False,False,False,High (>75%),2.85,Low-Rated,3.1973684210526314,59.9,False,Good,North America,2,Experimental
Altus Aka Cao Artisan,Bolivia,1133,2013,USA,3.0,,Bolivia,60.0,False,False,False,Medium (60-75%),2.85,Low-Rated,3.1973684210526314,59.9,False,Average,North America,0,Premium
Altus Aka Cao Artisan,Peru,1133,2013,USA,3.25,,Peru,60.0,False,False,False,Medium (60-75%),2.85,Low-Rated,3.137878787878788,56.9,False,Good,North America,0,Premium
Amano,Morobe,725,2011,USA,4.0,,Papua New Guinea,70.0,False,False,True,Medium (60-75%),3.4166666666666665,Elite,3.2916666666666665,64.6,True,Outstanding,North America,1,Mass Market
Amano,Dos Rios,470,2010,USA,3.75,,Dominican Republic,70.0,False,False,True,Medium (60-75%),3.4166666666666665,Elite,3.2063253012048194,60.3,False,Outstanding,North America,1,Mass Market
Amano,Guayas,470,2010,USA,4.0,,Ecuador,70.0,False,False,True,Medium (60-75%),3.4166666666666665,Elite,3.134715025906736,56.7,False,Outstanding,North America,1,Mass Market
Amano,Chuao,544,2010,USA,3.0,Trinitario,Venezuela,70.0,False,False,False,Medium (60-75%),3.4166666666666665,Elite,3.2453271028037385,62.3,True,Average,North America,1,Mass Market
Amano,Montanya,363,2009,USA,3.0,,Venezuela,70.0,False,False,False,Medium (60-75%),3.4166666666666665,Elite,3.2453271028037385,62.3,True,Average,North America,1,Mass Market
Amano,"Bali, Jembrana",304,2008,USA,2.75,,Indonesia,70.0,False,False,False,Medium (60-75%),3.4166666666666665,Elite,3.1875,59.4,False,Average,North America,1,Mass Market
Amano,Madagascar,129,2007,USA,3.5,Trinitario,Madagascar,70.0,False,False,True,Medium (60-75%),3.4166666666666665,Elite,3.2655172413793103,63.3,True,Good,North America,1,Mass Market
Amano,Cuyagua,147,2007,USA,3.0,,Venezuela,70.0,False,False,False,Medium (60-75%),3.4166666666666665,Elite,3.2453271028037385,62.3,True,Average,North America,1,Mass Market
Amano,Ocumare,175,2007,USA,3.75,Criollo,Venezuela,70.0,False,False,True,Medium (60-75%),3.4166666666666665,Elite,3.2453271028037385,62.3,True,Outstanding,North America,1,Mass Market
Amatller (Simon Coll),Ghana,322,2009,Spain,3.0,Forastero,Ghana,70.0,False,False,False,Medium (60-75%),2.875,Low-Rated,3.090909090909091,54.5,False,Average,Europe,1,Mass Market
Amatller (Simon Coll),Ecuador,327,2009,Spain,2.75,,Ecuador,70.0,False,False,False,Medium (60-75%),2.875,Low-Rated,3.134715025906736,56.7,False,Average,Europe,1,Mass Market
Amatller (Simon Coll),Ecuador,464,2009,Spain,2.75,,Ecuador,85.0,False,False,False,High (>75%),2.875,Low-Rated,3.134715025906736,56.7,False,Average,Europe,2,Experimental
Amatller (Simon Coll),Ghana,464,2009,Spain,3.0,Forastero,Ghana,85.0,False,False,False,High (>75%),2.875,Low-Rated,3.090909090909091,54.5,False,Average,Europe,2,Experimental
Amazona,"Lamasdelchanka, San Martin, Oro Verde Coop",1145,2013,Peru,3.25,,Peru,72.0,False,False,False,Medium (60-75%),3.375,Standard,3.137878787878788,56.9,False,Good,South America,0,Premium
Amazona,"Bellavista Gran Pajeten, San Martin",1145,2013,Peru,3.5,Trinitario,Peru,73.0,False,False,True,Medium (60-75%),3.375,Standard,3.137878787878788,56.9,False,Good,South America,0,Premium
Ambrosia,Belize,1494,2015,Canada,3.0,Trinitario,Belize,64.0,False,False,False,Medium (60-75%),3.25,Standard,3.2346938775510203,61.7,False,Average,North America,0,Premium
Ambrosia,Madagascar,1494,2015,Canada,3.25,Trinitario,Madagascar,66.0,False,False,False,Medium (60-75%),3.25,Standard,3.2655172413793103,63.3,True,Good,North America,0,Premium
Ambrosia,Dominican Republic,1498,2015,Canada,3.25,,Dominican Republic,75.0,False,False,False,Medium (60-75%),3.25,Standard,3.2063253012048194,60.3,False,Good,North America,0,Premium
Ambrosia,Papua New Guinea,1498,2015,Canada,3.25,,Papua New Guinea,63.0,False,False,False,Medium (60-75%),3.25,Standard,3.2916666666666665,64.6,True,Good,North America,0,Premium
Ambrosia,Venezuela,1498,2015,Canada,3.25,,Venezuela,70.0,False,False,False,Medium (60-75%),3.25,Standard,3.2453271028037385,62.3,True,Good,North America,0,Premium
Ambrosia,Peru,1498,2015,Canada,3.5,,Peru,68.0,False,False,True,Medium (60-75%),3.25,Standard,3.137878787878788,56.9,False,Good,North America,0,Premium
Amedei,"Piura, Blanco De Criollo",979,2012,Italy,3.75,,Peru,70.0,False,False,True,Medium (60-75%),3.8461538461538463,Elite,3.137878787878788,56.9,False,Outstanding,Europe,0,Premium
Amedei,Porcelana,111,2007,Italy,4.0,Criollo (Porcelana),Venezuela,70.0,False,False,True,Medium (60-75%),3.8461538461538463,Elite,3.2453271028037385,62.3,True,Outstanding,Europe,1,Mass Market
Amedei,Nine,111,2007,Italy,4.0,Blend,,75.0,False,False,True,Medium (60-75%),3.8461538461538463,Elite,,,False,Outstanding,Europe,1,Mass Market
Amedei,Chuao,111,2007,Italy,5.0,Trinitario,Venezuela,70.0,False,False,True,Medium (60-75%),3.8461538461538463,Elite,3.2453271028037385,62.3,True,Outstanding,Europe,1,Mass Market
Amedei,Ecuador,123,2007,Italy,3.0,Trinitario,Ecuador,70.0,False,False,False,Medium (60-75%),3.8461538461538463,Elite,3.134715025906736,56.7,False,Average,Europe,1,Mass Market
Amedei,Jamaica,123,2007,Italy,3.0,Trinitario,Jamaica,70.0,False,False,False,Medium (60-75%),3.8461538461538463,Elite,3.1625,58.1,False,Average,Europe,1,Mass Market
Amedei,Grenada,123,2007,Italy,3.5,Trinitario,Grenada,70.0,False,False,True,Medium (60-75%),3.8461538461538463,Elite,3.026315789473684,51.3,False,Good,Europe,1,Mass Market
Amedei,Venezuela,123,2007,Italy,3.75,Trinitario (85% Criollo),Venezuela,70.0,False,False,True,Medium (60-75%),3.8461538461538463,Elite,3.2453271028037385,62.3,True,Outstanding,Europe,1,Mass Market
Amedei,Madagascar,123,2007,Italy,4.0,Trinitario (85% Criollo),Madagascar,70.0,False,False,True,Medium (60-75%),3.8461538461538463,Elite,3.2655172413793103,63.3,True,Outstanding,Europe,1,Mass Market
Amedei,Trinidad,129,2007,Italy,3.5,Trinitario,Trinidad,70.0,False,False,True,Medium (60-75%),3.8461538461538463,Elite,3.2045454545454546,60.2,False,Good,Europe,1,Mass Market
Amedei,Toscano Black,170,2007,Italy,3.5,Blend,,63.0,False,False,True,Medium (60-75%),3.8461538461538463,Elite,,,False,Good,Europe,1,Mass Market
Amedei,Toscano Black,40,2006,Italy,5.0,Blend,,70.0,False,False,True,Medium (60-75%),3.8461538461538463,Elite,,,False,Outstanding,Europe,1,Mass Market
Amedei,Toscano Black,75,2006,Italy,4.0,Blend,,66.0,False,False,True,Medium (60-75%),3.8461538461538463,Elite,,,False,Outstanding,Europe,1,Mass Market
Amma,Catongo,1065,2013,Brazil,3.25,Forastero (Catongo),Brazil,75.0,False,False,False,Medium (60-75%),3.5,Elite,3.284482758620689,64.2,True,Good,South America,0,Premium
Amma,"Monte Alegre, 3 Diff. Plantations",572,2010,Brazil,2.75,Forastero (Parazinho),Brazil,85.0,False,False,False,High (>75%),3.5,Elite,3.284482758620689,64.2,True,Average,South America,2,Experimental
Amma,"Monte Alegre, 3 Diff. Plantations",572,2010,Brazil,3.75,Forastero (Parazinho),Brazil,50.0,False,True,True,Low (<60%),3.5,Elite,3.284482758620689,64.2,True,Outstanding,South America,1,Mass Market
Amma,"Monte Alegre, 3 Diff. Plantations",572,2010,Brazil,3.75,Forastero (Parazinho),Brazil,75.0,False,False,True,Medium (60-75%),3.5,Elite,3.284482758620689,64.2,True,Outstanding,South America,1,Mass Market
Amma,"Monte Alegre, 3 Diff. Plantations",572,2010,Brazil,4.0,Forastero (Parazinho),Brazil,60.0,False,False,True,Medium (60-75%),3.5,Elite,3.284482758620689,64.2,True,Outstanding,South America,1,Mass Market
Anahata,Elvesia,1259,2014,USA,3.0,,Dominican Republic,75.0,False,False,False,Medium (60-75%),3.0,Standard,3.2063253012048194,60.3,False,Average,North America,0,Premium
Animas,Alto Beni,1852,2016,USA,3.5,,Bolivia,75.0,False,False,True,Medium (60-75%),3.5,Elite,3.1973684210526314,59.9,False,Good,North America,0,Premium
Ara,Madagascar,1375,2014,France,3.0,Trinitario,Madagascar,75.0,False,False,False,Medium (60-75%),2.8125,Low-Rated,3.2655172413793103,63.3,True,Average,Europe,0,Premium
Ara,Chiapas,1379,2014,France,2.5,,Mexico,72.0,False,False,False,Medium (60-75%),2.8125,Low-Rated,3.0083333333333333,50.4,False,Below Average,Europe,2,Experimental
Ara,Equateur,1379,2014,France,2.75,,Ecuador,75.0,False,False,False,Medium (60-75%),2.8125,Low-Rated,3.134715025906736,56.7,False,Average,Europe,2,Experimental
Ara,Trincheras,1379,2014,France,3.0,,Venezuela,75.0,False,False,False,Medium (60-75%),2.8125,Low-Rated,3.2453271028037385,62.3,True,Average,Europe,0,Premium
Arete,San Juan,1724,2016,USA,3.5,Trinitario,Trinidad,70.0,False,False,True,Medium (60-75%),3.534090909090909,Elite,3.2045454545454546,60.2,False,Good,North America,0,Premium
Arete,Kokoa Kamili,1724,2016,USA,3.75,,Tanzania,70.0,False,False,True,Medium (60-75%),3.534090909090909,Elite,3.2058823529411766,60.3,False,Outstanding,North America,0,Premium
Arete,Tien Giang,1900,2016,USA,3.5,Trinitario,Vietnam,73.0,False,False,True,Medium (60-75%),3.534090909090909,Elite,3.3157894736842106,65.8,True,Good,North America,0,Premium
Arete,Hacienda Victoria,1904,2016,USA,3.25,,Ecuador,70.0,False,False,False,Medium (60-75%),3.534090909090909,Elite,3.134715025906736,56.7,False,Good,North America,0,Premium
Arete,Costa Esmeraldas,1904,2016,USA,3.25,,Ecuador,70.0,False,False,False,Medium (60-75%),3.534090909090909,Elite,3.134715025906736,56.7,False,Good,North America,0,Premium
Arete,Lachua,1904,2016,USA,3.5,,Guatemala,70.0,False,False,True,Medium (60-75%),3.534090909090909,Elite,3.321428571428572,66.1,True,Good,North America,0,Premium
Arete,Rugoso,1904,2016,USA,3.75,,Nicaragua,70.0,False,False,True,Medium (60-75%),3.534090909090909,Elite,3.2,60.0,False,Outstanding,North America,0,Premium
Arete,"La Masica, Fhia",1908,2016,USA,3.5,,Honduras,70.0,False,False,True,Medium (60-75%),3.534090909090909,Elite,3.35,67.5,True,Good,North America,0,Premium
Arete,"Coto Brus, Terciopelo",1908,2016,USA,4.0,,Costa Rica,70.0,False,False,True,Medium (60-75%),3.534090909090909,Elite,3.1447368421052637,57.2,False,Outstanding,North America,0,Premium
Arete,Phantom,1924,2016,USA,4.0,Forastero (Nacional),Peru,70.0,False,False,True,Medium (60-75%),3.534090909090909,Elite,3.137878787878788,56.9,False,Outstanding,North America,0,Premium
Arete,Elvesia,1928,2016,USA,3.75,,Dominican Republic,70.0,False,False,True,Medium (60-75%),3.534090909090909,Elite,3.2063253012048194,60.3,False,Outstanding,North America,0,Premium
Arete,Matasawalevu,1928,2016,USA,3.25,,Fiji,70.0,False,False,False,Medium (60-75%),3.534090909090909,Elite,3.125,56.2,False,Good,North America,0,Premium
Arete,Lam Dong,1928,2016,USA,3.25,,Vietnam,73.0,False,False,False,Medium (60-75%),3.534090909090909,Elite,3.3157894736842106,65.8,True,Good,North America,0,Premium
Arete,Fazenda Camboa,1534,2015,USA,3.5,,Brazil,70.0,False,False,True,Medium (60-75%),3.534090909090909,Elite,3.284482758620689,64.2,True,Good,North America,0,Premium
Arete,Nacional,1534,2015,USA,3.5,Forastero (Nacional),Peru,68.0,False,False,True,Medium (60-75%),3.534090909090909,Elite,3.137878787878788,56.9,False,Good,North America,0,Premium
Arete,"Puerto Quito, Heirloom",1534,2015,USA,3.75,Forastero (Nacional),Ecuador,70.0,False,False,True,Medium (60-75%),3.534090909090909,Elite,3.134715025906736,56.7,False,Outstanding,North America,0,Premium
Arete,Oko Caribe,1598,2015,USA,3.5,,Dominican Republic,70.0,False,False,True,Medium (60-75%),3.534090909090909,Elite,3.2063253012048194,60.3,False,Good,North America,0,Premium
Arete,Maya Mountain,1598,2015,USA,3.75,Trinitario,Belize,70.0,False,False,True,Medium (60-75%),3.534090909090909,Elite,3.2346938775510203,61.7,False,Outstanding,North America,0,Premium
Arete,Chuno,1598,2015,USA,4.0,"Criollo, Trinitario",Nicaragua,70.0,False,False,True,Medium (60-75%),3.534090909090909,Elite,3.2,60.0,False,Outstanding,North America,0,Premium
Arete,Fazenda Camboa,1602,2015,USA,2.75,,Brazil,75.0,False,False,False,Medium (60-75%),3.534090909090909,Elite,3.284482758620689,64.2,True,Average,North America,2,Experimental
Arete,Guatemala,1602,2015,USA,3.25,,Guatemala,70.0,False,False,False,Medium (60-75%),3.534090909090909,Elite,3.321428571428572,66.1,True,Good,North America,0,Premium
Arete,Camino Verde,1602,2015,USA,3.5,,Ecuador,75.0,False,False,True,Medium (60-75%),3.534090909090909,Elite,3.134715025906736,56.7,False,Good,North America,0,Premium
Artisan Du Chocolat,"Trinidad, Heritage, Limited Ed.",1193,2013,U.K.,3.25,Trinitario,Trinidad,72.0,False,False,False,Medium (60-75%),3.078125,Standard,3.2045454545454546,60.2,False,Good,Other,0,Premium
Artisan Du Chocolat,"Colombia, Casa Luker",947,2012,U.K.,3.75,,Colombia,72.0,False,False,True,Medium (60-75%),3.078125,Standard,3.225,61.3,False,Outstanding,Other,0,Premium
Artisan Du Chocolat,Haiti,729,2011,U.K.,4.0,,Haiti,72.0,False,False,True,Medium (60-75%),3.078125,Standard,3.388888888888889,69.4,True,Outstanding,Other,1,Mass Market
Artisan Du Chocolat,Panama,745,2011,U.K.,2.75,,Panama,72.0,False,False,False,Medium (60-75%),3.078125,Standard,3.1785714285714284,58.9,False,Average,Other,2,Experimental
Artisan Du Chocolat,Venezuela,486,2010,U.K.,1.75,,Venezuela,100.0,False,True,False,High (>75%),3.078125,Standard,3.2453271028037385,62.3,True,Poor,Other,2,Experimental
Artisan Du Chocolat,Jamaica,531,2010,U.K.,3.75,Trinitario,Jamaica,72.0,False,False,True,Medium (60-75%),3.078125,Standard,3.1625,58.1,False,Outstanding,Other,1,Mass Market
Artisan Du Chocolat,Costa Rica,600,2010,U.K.,3.25,,Costa Rica,72.0,False,False,False,Medium (60-75%),3.078125,Standard,3.1447368421052637,57.2,False,Good,Other,1,Mass Market
Artisan Du Chocolat,Ba Ria Vung Tau Province,600,2010,U.K.,3.25,Trinitario,Vietnam,72.0,False,False,False,Medium (60-75%),3.078125,Standard,3.3157894736842106,65.8,True,Good,Other,1,Mass Market
Artisan Du Chocolat,Bali,600,2010,U.K.,3.5,,Indonesia,72.0,False,False,True,Medium (60-75%),3.078125,Standard,3.1875,59.4,False,Good,Other,1,Mass Market
Artisan Du Chocolat,"Ocumare, Venezuela",355,2009,U.K.,2.5,"Criollo, Trinitario",Venezuela,75.0,False,False,False,Medium (60-75%),3.078125,Standard,3.2453271028037385,62.3,True,Below Average,Other,2,Experimental
Artisan Du Chocolat,Java,355,2009,U.K.,2.75,Trinitario,Indonesia,72.0,False,False,False,Medium (60-75%),3.078125,Standard,3.1875,59.4,False,Average,Other,1,Mass Market
Artisan Du Chocolat,Brazil Rio Doce,363,2009,U.K.,1.75,,Brazil,72.0,False,False,False,Medium (60-75%),3.078125,Standard,3.284482758620689,64.2,True,Poor,Other,2,Experimental
Artisan Du Chocolat,Madagascar,363,2009,U.K.,3.0,"Criollo, Trinitario",Madagascar,80.0,False,False,False,High (>75%),3.078125,Standard,3.2655172413793103,63.3,True,Average,Other,2,Experimental
Artisan Du Chocolat,Peru,363,2009,U.K.,3.0,Criollo,Peru,75.0,False,False,False,Medium (60-75%),3.078125,Standard,3.137878787878788,56.9,False,Average,Other,1,Mass Market
Artisan Du Chocolat,Dominican Republic,363,2009,U.K.,3.25,Trinitario,Dominican Republic,72.0,False,False,False,Medium (60-75%),3.078125,Standard,3.2063253012048194,60.3,False,Good,Other,1,Mass Market
Artisan Du Chocolat,Congo,300,2008,U.K.,3.75,Forastero,Dr Congo,72.0,False,False,True,Medium (60-75%),3.078125,Standard,3.325,66.3,True,Outstanding,Other,1,Mass Market
Artisan Du Chocolat (Casa Luker),"Orinoqua Region, Arauca",1181,2013,U.K.,2.75,Trinitario,Colombia,72.0,False,False,False,Medium (60-75%),2.75,Low-Rated,3.225,61.3,False,Average,Other,2,Experimental
Askinosie,Mababa,1780,2016,USA,3.75,Trinitario,Tanzania,68.0,False,False,True,Medium (60-75%),3.4166666666666665,Elite,3.2058823529411766,60.3,False,Outstanding,North America,0,Premium
Askinosie,"Tenende, Uwate",647,2011,USA,3.75,Trinitario,Tanzania,72.0,False,False,True,Medium (60-75%),3.4166666666666665,Elite,3.2058823529411766,60.3,False,Outstanding,North America,1,Mass Market
Askinosie,Cortes,661,2011,USA,3.75,Trinitario,Honduras,70.0,False,False,True,Medium (60-75%),3.4166666666666665,Elite,3.35,67.5,True,Outstanding,North America,1,Mass Market
Askinosie,Davao,331,2009,USA,3.75,Trinitario,Philippines,77.0,False,False,True,High (>75%),3.4166666666666665,Elite,3.0,50.0,False,Outstanding,North America,1,Mass Market
Askinosie,Xoconusco,141,2007,USA,2.5,Trinitario,Mexico,75.0,False,False,False,Medium (60-75%),3.4166666666666665,Elite,3.0083333333333333,50.4,False,Below Average,North America,2,Experimental
Askinosie,San Jose Del Tambo,175,2007,USA,3.0,Forastero (Arriba),Ecuador,70.0,False,False,False,Medium (60-75%),3.4166666666666665,Elite,3.134715025906736,56.7,False,Average,North America,1,Mass Market
Bahen & Co.,Houseblend,1474,2015,Australia,3.25,,,80.0,False,False,False,High (>75%),2.95,Low-Rated,,,False,Good,Asia-Pacific,0,Premium
Bahen & Co.,Papua New Guinea,1474,2015,Australia,3.5,,Papua New Guinea,70.0,False,False,True,Medium (60-75%),2.95,Low-Rated,3.2916666666666665,64.6,True,Good,Asia-Pacific,0,Premium
Bahen & Co.,Sambirano,995,2012,Australia,3.0,Trinitario,Madagascar,70.0,False,False,False,Medium (60-75%),2.95,Low-Rated,3.2655172413793103,63.3,True,Average,Asia-Pacific,0,Premium
Bahen & Co.,Bahia,999,2012,Australia,2.5,,Brazil,70.0,False,False,False,Medium (60-75%),2.95,Low-Rated,3.284482758620689,64.2,True,Below Average,Asia-Pacific,2,Experimental
Bahen & Co.,Houseblend,999,2012,Australia,2.5,Blend,,70.0,False,False,False,Medium (60-75%),2.95,Low-Rated,,,False,Below Average,Asia-Pacific,2,Experimental
Bakau,"Bambamarca, 2015",1454,2015,Peru,2.75,,Peru,70.0,False,False,False,Medium (60-75%),3.125,Standard,3.137878787878788,56.9,False,Average,South America,0,Premium
Bakau,"Huallabamba, 2015",1454,2015,Peru,3.5,,Peru,70.0,False,False,True,Medium (60-75%),3.125,Standard,3.137878787878788,56.9,False,Good,South America,0,Premium
Bar Au Chocolat,Bahia,1554,2015,USA,3.5,,Brazil,70.0,False,False,True,Medium (60-75%),3.6,Elite,3.284482758620689,64.2,True,Good,North America,0,Premium
Bar Au Chocolat,Maranon Canyon,1295,2014,USA,4.0,Forastero (Nacional),Peru,70.0,False,False,True,Medium (60-75%),3.6,Elite,3.137878787878788,56.9,False,Outstanding,North America,0,Premium
Bar Au Chocolat,Duarte Province,983,2012,USA,3.25,,Dominican Republic,70.0,False,False,False,Medium (60-75%),3.6,Elite,3.2063253012048194,60.3,False,Good,North America,0,Premium
Bar Au Chocolat,Chiapas,983,2012,USA,3.5,,Mexico,70.0,False,False,True,Medium (60-75%),3.6,Elite,3.0083333333333333,50.4,False,Good,North America,0,Premium
Bar Au Chocolat,Sambirano,983,2012,USA,3.75,Trinitario,Madagascar,70.0,False,False,True,Medium (60-75%),3.6,Elite,3.2655172413793103,63.3,True,Outstanding,North America,0,Premium
Baravelli'S,Single Estate,955,2012,Wales,2.75,,Costa Rica,80.0,False,False,False,High (>75%),2.75,Low-Rated,3.1447368421052637,57.2,False,Average,Europe,2,Experimental
Batch,"Dominican Republic, Batch 3",1840,2016,USA,3.5,,Dominican Republic,65.0,False,False,True,Medium (60-75%),3.5,Elite,3.2063253012048194,60.3,False,Good,North America,0,Premium
Batch,Brazil,1868,2016,USA,3.75,,Brazil,70.0,False,False,True,Medium (60-75%),3.5,Elite,3.284482758620689,64.2,True,Outstanding,North America,0,Premium
Batch,Ecuador,1880,2016,USA,3.25,,Ecuador,65.0,False,False,False,Medium (60-75%),3.5,Elite,3.134715025906736,56.7,False,Good,North America,0,Premium
Beau Cacao,"Asajaya E, Nw Borneo, B. #132/4500",1948,2017,U.K.,3.0,,Malaysia,73.0,False,False,False,Medium (60-75%),3.125,Standard,3.25,62.5,True,Average,Other,0,Premium
Beau Cacao,"Serian E., Nw Borneo, B. #134/3800",1948,2017,U.K.,3.25,,Malaysia,72.0,False,False,False,Medium (60-75%),3.125,Standard,3.25,62.5,True,Good,Other,0,Premium
Beehive,"Brazil, Batch 20316",1784,2016,USA,2.75,,Brazil,80.0,False,False,False,High (>75%),2.75,Low-Rated,3.284482758620689,64.2,True,Average,North America,2,Experimental
Beehive,"Dominican Republic, Batch 31616",1784,2016,USA,2.75,,Dominican Republic,70.0,False,False,False,Medium (60-75%),2.75,Low-Rated,3.2063253012048194,60.3,False,Average,North America,0,Premium
Beehive,"Ecuador, Batch 31516",1784,2016,USA,2.75,,Ecuador,70.0,False,False,False,Medium (60-75%),2.75,Low-Rated,3.134715025906736,56.7,False,Average,North America,0,Premium
Beehive,Ecuador,1788,2016,USA,2.75,,Ecuador,90.0,False,False,False,High (>75%),2.75,Low-Rated,3.134715025906736,56.7,False,Average,North America,2,Experimental
Belcolade,Costa Rica,586,2010,Belgium,2.75,,Costa Rica,64.0,False,False,False,Medium (60-75%),2.9375,Low-Rated,3.1447368421052637,57.2,False,Average,Europe,1,Mass Market
Belcolade,Papua New Guinea,586,2010,Belgium,2.75,,Papua New Guinea,64.0,False,False,False,Medium (60-75%),2.9375,Low-Rated,3.2916666666666665,64.6,True,Average,Europe,1,Mass Market
Belcolade,Peru,586,2010,Belgium,2.75,,Peru,64.0,False,False,False,Medium (60-75%),2.9375,Low-Rated,3.137878787878788,56.9,False,Average,Europe,1,Mass Market
Belcolade,Ecuador,586,2010,Belgium,3.5,,Ecuador,71.0,False,False,True,Medium (60-75%),2.9375,Low-Rated,3.134715025906736,56.7,False,Good,Europe,1,Mass Market
Bellflower,"Kakao Kamili, Kilombero Valley",1800,2016,USA,3.5,"Criollo, Trinitario",Tanzania,70.0,False,False,True,Medium (60-75%),3.4166666666666665,Elite,3.2058823529411766,60.3,False,Good,North America,0,Premium
Bellflower,"Alto Beni, Palos Blanco",1804,2016,USA,3.25,,Bolivia,70.0,False,False,False,Medium (60-75%),3.4166666666666665,Elite,3.1973684210526314,59.9,False,Good,North America,0,Premium
Bellflower,"Oko Caribe, Duarte P.",1864,2016,USA,3.5,,Dominican Republic,70.0,False,False,True,Medium (60-75%),3.4166666666666665,Elite,3.2063253012048194,60.3,False,Good,North America,0,Premium
Belyzium,"Belize South, Low Fermentation",1768,2016,Germany,2.75,Trinitario,Belize,83.0,False,False,False,High (>75%),3.083333333333333,Standard,3.2346938775510203,61.7,False,Average,Europe,2,Experimental
Belyzium,Belize South,1768,2016,Germany,3.0,Trinitario,Belize,78.0,False,False,False,High (>75%),3.083333333333333,Standard,3.2346938775510203,61.7,False,Average,Europe,0,Premium
Belyzium,Belize South,1768,2016,Germany,3.5,Trinitario,Belize,83.0,False,False,True,High (>75%),3.083333333333333,Standard,3.2346938775510203,61.7,False,Good,Europe,0,Premium
Benoit Nihant,Baracoa,1141,2013,Belgium,3.5,Trinitario,Cuba,74.0,False,False,True,Medium (60-75%),3.7083333333333335,Elite,3.25,62.5,True,Good,Europe,0,Premium
Benoit Nihant,Chuao,1141,2013,Belgium,3.5,Criollo,Venezuela,74.0,False,False,True,Medium (60-75%),3.7083333333333335,Elite,3.2453271028037385,62.3,True,Good,Europe,0,Premium
Benoit Nihant,Cuyagua Village,1141,2013,Belgium,3.5,Criollo,Venezuela,74.0,False,False,True,Medium (60-75%),3.7083333333333335,Elite,3.2453271028037385,62.3,True,Good,Europe,0,Premium
Benoit Nihant,Rio Peripa H.,1141,2013,Belgium,4.0,Trinitario,Ecuador,73.0,False,False,True,Medium (60-75%),3.7083333333333335,Elite,3.134715025906736,56.7,False,Outstanding,Europe,0,Premium
Benoit Nihant,"Bali, Sukrama Bros. Farm, Melaya, 62Hr C",757,2011,Belgium,4.0,Trinitario,Indonesia,72.0,False,False,True,Medium (60-75%),3.7083333333333335,Elite,3.1875,59.4,False,Outstanding,Europe,1,Mass Market
Benoit Nihant,"Somia Plantation, Sambirano, 70Hr C",773,2011,Belgium,3.75,Trinitario,Madagascar,72.0,False,False,True,Medium (60-75%),3.7083333333333335,Elite,3.2655172413793103,63.3,True,Outstanding,Europe,1,Mass Market
Bernachon,Nature,797,2012,France,2.75,,,55.0,False,False,False,Low (<60%),2.75,Low-Rated,,,False,Average,Europe,1,Mass Market
Beschle (Felchlin),Madagascar,636,2011,Switzerland,3.0,Trinitario,Madagascar,64.0,False,False,False,Medium (60-75%),3.375,Standard,3.2655172413793103,63.3,True,Average,Europe,1,Mass Market
Beschle (Felchlin),Maracaibo,636,2011,Switzerland,3.0,Criollo,Venezuela,88.0,False,False,False,High (>75%),3.375,Standard,3.2453271028037385,62.3,True,Average,Europe,2,Experimental
Beschle (Felchlin),"Indigena Amazonia, Grand Cru, Quizas",636,2011,Switzerland,3.5,,Venezuela,72.0,False,False,True,Medium (60-75%),3.375,Standard,3.2453271028037385,62.3,True,Good,Europe,1,Mass Market
Beschle (Felchlin),Ecuador,636,2011,Switzerland,4.0,,Ecuador,72.0,False,False,True,Medium (60-75%),3.375,Standard,3.134715025906736,56.7,False,Outstanding,Europe,1,Mass Market
Beschle (Felchlin),"Carenero S., Barlovento, Grand Cru",508,2010,Switzerland,3.25,Trinitario,Venezuela,70.0,False,False,False,Medium (60-75%),3.375,Standard,3.2453271028037385,62.3,True,Good,Europe,1,Mass Market
Beschle (Felchlin),"Porcelana, Premier Cru, Quizas No. 1",508,2010,Switzerland,3.25,Criollo (Porcelana),Venezuela,74.0,False,False,False,Medium (60-75%),3.375,Standard,3.2453271028037385,62.3,True,Good,Europe,1,Mass Market
Beschle (Felchlin),"Java, Grand Cru",508,2010,Switzerland,3.5,,Indonesia,64.0,False,False,True,Medium (60-75%),3.375,Standard,3.1875,59.4,False,Good,Europe,1,Mass Market
Beschle (Felchlin),"Ocumare, Premier Cru, Quizas No. 2",508,2010,Switzerland,3.5,,Venezuela,72.0,False,False,True,Medium (60-75%),3.375,Standard,3.2453271028037385,62.3,True,Good,Europe,1,Mass Market
Bisou,"Nicaragua, American Style",1482,2015,USA,2.5,,Nicaragua,76.0,False,False,False,High (>75%),2.6875,Low-Rated,3.2,60.0,False,Below Average,North America,2,Experimental
Bisou,"San Andres, American Style",1486,2015,USA,2.5,,Costa Rica,76.0,False,False,False,High (>75%),2.6875,Low-Rated,3.1447368421052637,57.2,False,Below Average,North America,2,Experimental
Bisou,"San Andres, Silk",1486,2015,USA,2.5,,Costa Rica,78.0,False,False,False,High (>75%),2.6875,Low-Rated,3.1447368421052637,57.2,False,Below Average,North America,2,Experimental
Bisou,Belize,1486,2015,USA,3.25,Trinitario,Belize,86.0,False,False,False,High (>75%),2.6875,Low-Rated,3.2346938775510203,61.7,False,Good,North America,2,Experimental
Bittersweet Origins,Ghana,963,2012,USA,3.5,Forastero,Ghana,72.0,False,False,True,Medium (60-75%),3.267857142857143,Standard,3.090909090909091,54.5,False,Good,North America,0,Premium
Bittersweet Origins,"Bali, Singaraja",478,2010,USA,3.25,,Indonesia,75.0,False,False,False,Medium (60-75%),3.267857142857143,Standard,3.1875,59.4,False,Good,North America,1,Mass Market
Bittersweet Origins,2009 Hapa Nibby,502,2010,USA,3.75,Blend,"Dominican Rep., Bali",70.0,False,False,True,Medium (60-75%),3.267857142857143,Standard,3.75,87.5,True,Outstanding,North America,1,Mass Market
Bittersweet Origins,"Bali, Singaraja",558,2010,USA,2.75,,Indonesia,65.0,False,False,False,Medium (60-75%),3.267857142857143,Standard,3.1875,59.4,False,Average,North America,1,Mass Market
Bittersweet Origins,"Sambirano, 2009",565,2010,USA,3.0,Trinitario,Madagascar,70.0,False,False,False,Medium (60-75%),3.267857142857143,Standard,3.2655172413793103,63.3,True,Average,North America,1,Mass Market
Bittersweet Origins,"Ocumare, Prototype",565,2010,USA,3.0,Criollo,Venezuela,78.0,False,False,False,High (>75%),3.267857142857143,Standard,3.2453271028037385,62.3,True,Average,North America,2,Experimental
Bittersweet Origins,Puerto Plata,414,2009,USA,3.0,,Dominican Republic,75.0,False,False,False,Medium (60-75%),3.267857142857143,Standard,3.2063253012048194,60.3,False,Average,North America,1,Mass Market
Bittersweet Origins,Puerto Plata,414,2009,USA,3.5,,Dominican Republic,65.0,False,False,True,Medium (60-75%),3.267857142857143,Standard,3.2063253012048194,60.3,False,Good,North America,1,Mass Market
Bittersweet Origins,Sambirano,423,2009,USA,3.25,Trinitario,Madagascar,75.0,False,False,False,Medium (60-75%),3.267857142857143,Standard,3.2655172413793103,63.3,True,Good,North America,1,Mass Market
Bittersweet Origins,Sambirano,431,2009,USA,3.5,Trinitario,Madagascar,65.0,False,False,True,Medium (60-75%),3.267857142857143,Standard,3.2655172413793103,63.3,True,Good,North America,1,Mass Market
Bittersweet Origins,Sambirano,233,2008,USA,3.0,Trinitario,Madagascar,71.0,False,False,False,Medium (60-75%),3.267857142857143,Standard,3.2655172413793103,63.3,True,Average,North America,1,Mass Market
Bittersweet Origins,Bocas Del Toro,233,2008,USA,3.5,,Panama,75.0,False,False,True,Medium (60-75%),3.267857142857143,Standard,3.1785714285714284,58.9,False,Good,North America,1,Mass Market
Bittersweet Origins,Puerto Plata,233,2008,USA,3.75,,Dominican Republic,68.0,False,False,True,Medium (60-75%),3.267857142857143,Standard,3.2063253012048194,60.3,False,Outstanding,North America,1,Mass Market
Bittersweet Origins,Ankasa,256,2008,USA,3.0,Forastero,Ghana,70.0,False,False,False,Medium (60-75%),3.267857142857143,Standard,3.090909090909091,54.5,False,Average,North America,1,Mass Market
Black Mountain,La Red,256,2008,USA,2.75,,Dominican Republic,70.0,False,False,False,Medium (60-75%),2.833333333333333,Low-Rated,3.2063253012048194,60.3,False,Average,North America,1,Mass Market
Black Mountain,Carenero Superior,256,2008,USA,2.75,Trinitario,Venezuela,70.0,False,False,False,Medium (60-75%),2.833333333333333,Low-Rated,3.2453271028037385,62.3,True,Average,North America,1,Mass Market
Black Mountain,Matiguas,256,2008,USA,3.0,,Nicaragua,70.0,False,False,False,Medium (60-75%),2.833333333333333,Low-Rated,3.2,60.0,False,Average,North America,1,Mass Market
Black River (A. Morin),Blue Mountain Region,1331,2014,U.K.,2.75,Trinitario,Jamaica,70.0,False,False,False,Medium (60-75%),2.75,Low-Rated,3.1625,58.1,False,Average,Other,0,Premium
Blanxart,"Congo, Grand Cru",1046,2013,Spain,3.5,Forastero,Dr Congo,82.0,False,False,True,High (>75%),3.125,Standard,3.325,66.3,True,Good,Europe,2,Experimental
Blanxart,Organic Dark,322,2009,Spain,2.75,,,72.0,False,False,False,Medium (60-75%),3.125,Standard,,,False,Average,Europe,1,Mass Market
Blue Bandana,"Akesson'S E., Sambirano V.",1740,2016,USA,3.5,Trinitario,Madagascar,82.0,False,False,True,High (>75%),3.333333333333333,Standard,3.2655172413793103,63.3,True,Good,North America,0,Premium
Blue Bandana,Lachua,1752,2016,USA,2.75,,Guatemala,75.0,False,False,False,Medium (60-75%),3.333333333333333,Standard,3.321428571428572,66.1,True,Average,North America,0,Premium
Blue Bandana,Kokoa Kamili,1752,2016,USA,3.5,,Tanzania,75.0,False,False,True,Medium (60-75%),3.333333333333333,Standard,3.2058823529411766,60.3,False,Good,North America,0,Premium
Blue Bandana,Zorzal Reserva,1756,2016,USA,3.0,,Dominican Republic,75.0,False,False,False,Medium (60-75%),3.333333333333333,Standard,3.2063253012048194,60.3,False,Average,North America,0,Premium
Blue Bandana,Guatemala,911,2012,USA,3.5,,Guatemala,70.0,False,False,True,Medium (60-75%),3.333333333333333,Standard,3.321428571428572,66.1,True,Good,North America,0,Premium
Blue Bandana,Madagascar,911,2012,USA,3.75,Trinitario,Madagascar,70.0,False,False,True,Medium (60-75%),3.333333333333333,Standard,3.2655172413793103,63.3,True,Outstanding,North America,0,Premium
Bonnat,Selva Maya,1912,2016,France,3.5,,Mexico,75.0,False,False,True,Medium (60-75%),3.435185185185185,Elite,3.0083333333333333,50.4,False,Good,Europe,0,Premium
Bonnat,Kaori,1339,2014,France,4.0,,Brazil,75.0,False,False,True,Medium (60-75%),3.435185185185185,Elite,3.284482758620689,64.2,True,Outstanding,Europe,0,Premium
Bonnat,"Los Colorados, Santo Domingo, Equateur",1418,2014,France,3.25,,Dominican Republic,75.0,False,False,False,Medium (60-75%),3.435185185185185,Elite,3.2063253012048194,60.3,False,Good,Europe,0,Premium
Bonnat,Surfin,1418,2014,France,3.75,,"Venez,Africa,Brasil,Peru,Mex",65.0,False,False,True,Medium (60-75%),3.435185185185185,Elite,3.75,87.5,True,Outstanding,Europe,0,Premium
Bonnat,Maragnam,1038,2013,France,3.5,,Brazil,75.0,False,False,True,Medium (60-75%),3.435185185185185,Elite,3.284482758620689,64.2,True,Good,Europe,0,Premium
Bonnat,Gabon,1042,2013,France,3.25,,Gabon,75.0,False,False,False,Medium (60-75%),3.435185185185185,Elite,3.25,62.5,True,Good,Europe,0,Premium
Bonnat,Cuba,629,2011,France,3.5,Trinitario,Cuba,75.0,False,False,True,Medium (60-75%),3.435185185185185,Elite,3.25,62.5,True,Good,Europe,1,Mass Market
Bonnat,"Cusco, Cacao Cusco",629,2011,France,3.5,,Peru,75.0,False,False,True,Medium (60-75%),3.435185185185185,Elite,3.137878787878788,56.9,False,Good,Europe,1,Mass Market
Bonnat,Piura Blanco,629,2011,France,3.5,Forastero (Nacional),Peru,75.0,False,False,True,Medium (60-75%),3.435185185185185,Elite,3.137878787878788,56.9,False,Good,Europe,1,Mass Market
Bonnat,Libanio,629,2011,France,3.75,,Brazil,75.0,False,False,True,Medium (60-75%),3.435185185185185,Elite,3.284482758620689,64.2,True,Outstanding,Europe,1,Mass Market
Bonnat,Haiti,629,2011,France,4.0,,Haiti,75.0,False,False,True,Medium (60-75%),3.435185185185185,Elite,3.388888888888889,69.4,True,Outstanding,Europe,1,Mass Market
Bonnat,"Madagascar, 100% Criollo",629,2011,France,4.0,Criollo,Madagascar,75.0,False,False,True,Medium (60-75%),3.435185185185185,Elite,3.2655172413793103,63.3,True,Outstanding,Europe,1,Mass Market
Bonnat,Juliana,672,2011,France,3.5,,Brazil,75.0,False,False,True,Medium (60-75%),3.435185185185185,Elite,3.284482758620689,64.2,True,Good,Europe,1,Mass Market
Bonnat,Jamaique,761,2011,France,3.25,Trinitario,Jamaica,75.0,False,False,False,Medium (60-75%),3.435185185185185,Elite,3.1625,58.1,False,Good,Europe,1,Mass Market
Bonnat,Ivory Coast,331,2009,France,3.0,,Cote D Ivoire,75.0,False,False,False,Medium (60-75%),3.435185185185185,Elite,2.8,40.0,False,Average,Europe,1,Mass Market
Bonnat,"Porcelana, Apotequil",336,2009,France,2.75,Criollo,Peru,75.0,False,False,False,Medium (60-75%),3.435185185185185,Elite,3.137878787878788,56.9,False,Average,Europe,2,Experimental
Bonnat,"Porcelana, Tabasco, Marfil De Blanco",336,2009,France,3.0,Criollo,Mexico,75.0,False,False,False,Medium (60-75%),3.435185185185185,Elite,3.0083333333333333,50.4,False,Average,Europe,1,Mass Market
Bonnat,"Xoconusco, Cacao Real",395,2009,France,3.0,Criollo,Mexico,75.0,False,False,False,Medium (60-75%),3.435185185185185,Elite,3.0083333333333333,50.4,False,Average,Europe,1,Mass Market
Bonnat,"Porcelana, Venezuela",199,2008,France,4.0,Criollo (Porcelana),Venezuela,75.0,False,False,True,Medium (60-75%),3.435185185185185,Elite,3.2453271028037385,62.3,True,Outstanding,Europe,1,Mass Market
Bonnat,Equateur,123,2007,France,2.5,Forastero (Arriba),Ecuador,75.0,False,False,False,Medium (60-75%),3.435185185185185,Elite,3.134715025906736,56.7,False,Below Average,Europe,2,Experimental
Bonnat,Trinite,24,2006,France,3.75,Trinitario,Carribean,75.0,False,False,True,Medium (60-75%),3.435185185185185,Elite,2.96875,48.4,False,Outstanding,Europe,1,Mass Market
Bonnat,"Ocumare, Puerto Cabello",32,2006,France,4.0,,Venezuela,75.0,False,False,True,Medium (60-75%),3.435185185185185,Elite,3.2453271028037385,62.3,True,Outstanding,Europe,1,Mass Market
Bonnat,"Maracaibo, El Rosario",48,2006,France,4.0,Criollo,Venezuela,75.0,False,False,True,Medium (60-75%),3.435185185185185,Elite,3.2453271028037385,62.3,True,Outstanding,Europe,1,Mass Market
Bonnat,Madagascar,75,2006,France,4.0,Trinitario,Madagascar,75.0,False,False,True,Medium (60-75%),3.435185185185185,Elite,3.2655172413793103,63.3,True,Outstanding,Europe,1,Mass Market
Bonnat,One Hundred,81,2006,France,1.5,,,100.0,False,True,False,High (>75%),3.435185185185185,Elite,,,False,Poor,Europe,2,Experimental
Bonnat,Ceylan,81,2006,France,3.0,,Sri Lanka,75.0,False,False,False,Medium (60-75%),3.435185185185185,Elite,2.875,43.8,False,Average,Europe,1,Mass Market
Bonnat,Chuao,81,2006,France,4.0,Trinitario,Venezuela,75.0,False,False,True,Medium (60-75%),3.435185185185185,Elite,3.2453271028037385,62.3,True,Outstanding,Europe,1,Mass Market
Bouga Cacao (Tulicorp),"El Oro, Hacienda De Oro",316,2009,Ecuador,3.25,Forastero (Arriba),Ecuador,77.0,False,False,False,High (>75%),2.375,Low-Rated,3.134715025906736,56.7,False,Good,South America,1,Mass Market
Bouga Cacao (Tulicorp),"El Oro, Hacienda De Oro",341,2009,Ecuador,1.5,Forastero (Arriba),Ecuador,100.0,False,True,False,High (>75%),2.375,Low-Rated,3.134715025906736,56.7,False,Poor,South America,2,Experimental
Bowler Man,Maya Mountain,1267,2014,USA,2.75,Trinitario,Belize,70.0,False,False,False,Medium (60-75%),2.75,Low-Rated,3.2346938775510203,61.7,False,Average,North America,0,Premium
Bowler Man,Conacado,1271,2014,USA,2.75,,Dominican Republic,70.0,False,False,False,Medium (60-75%),2.75,Low-Rated,3.2063253012048194,60.3,False,Average,North America,0,Premium
Brasstown Aka It'S Chocolate,"Guasare, Zulia Prov.",1868,2016,USA,3.5,Criollo,Venezuela,70.0,False,False,True,Medium (60-75%),3.555555555555556,Elite,3.2453271028037385,62.3,True,Good,North America,0,Premium
Brasstown Aka It'S Chocolate,"O'Payo, Waslala",1868,2016,USA,3.75,,Nicaragua,70.0,False,False,True,Medium (60-75%),3.555555555555556,Elite,3.2,60.0,False,Outstanding,North America,0,Premium
Brasstown Aka It'S Chocolate,Conacado,1462,2015,USA,3.75,,Dominican Republic,68.0,False,False,True,Medium (60-75%),3.555555555555556,Elite,3.2063253012048194,60.3,False,Outstanding,North America,0,Premium
Brasstown Aka It'S Chocolate,Maya Mountain,1255,2014,USA,3.75,Trinitario,Belize,70.0,False,False,True,Medium (60-75%),3.555555555555556,Elite,3.2346938775510203,61.7,False,Outstanding,North America,0,Premium
Brasstown Aka It'S Chocolate,Chuao,1355,2014,USA,4.0,Trinitario,Venezuela,70.0,False,False,True,Medium (60-75%),3.555555555555556,Elite,3.2453271028037385,62.3,True,Outstanding,North America,0,Premium
Brasstown Aka It'S Chocolate,Cooproagro,1125,2013,USA,3.0,Trinitario,Dominican Republic,72.0,False,False,False,Medium (60-75%),3.555555555555556,Elite,3.2063253012048194,60.3,False,Average,North America,0,Premium
Brasstown Aka It'S Chocolate,"Camino Verde, Guayas",1125,2013,USA,3.25,,Ecuador,70.0,False,False,False,Medium (60-75%),3.555555555555556,Elite,3.134715025906736,56.7,False,Good,North America,0,Premium
Brasstown Aka It'S Chocolate,Ghana,1129,2013,USA,3.5,Forastero,Ghana,75.0,False,False,True,Medium (60-75%),3.555555555555556,Elite,3.090909090909091,54.5,False,Good,North America,0,Premium
Brasstown Aka It'S Chocolate,"Chuao, Mantuano Blend",1129,2013,USA,3.5,Trinitario,Venezuela,85.0,False,False,True,High (>75%),3.555555555555556,Elite,3.2453271028037385,62.3,True,Good,North America,2,Experimental
Brazen,Elvesia P.,1514,2015,USA,3.0,,Dominican Republic,60.0,False,False,False,Medium (60-75%),3.1666666666666665,Standard,3.2063253012048194,60.3,False,Average,North America,0,Premium
Brazen,Elvesia P.,1514,2015,USA,3.25,,Dominican Republic,80.0,False,False,False,High (>75%),3.1666666666666665,Standard,3.2063253012048194,60.3,False,Good,North America,0,Premium
Brazen,"Alta Verapaz, 2014",1514,2015,USA,3.5,,Guatemala,70.0,False,False,True,Medium (60-75%),3.1666666666666665,Standard,3.321428571428572,66.1,True,Good,North America,0,Premium
Brazen,Ambolikapiky P.,1518,2015,USA,2.75,,Madagascar,80.0,False,False,False,High (>75%),3.1666666666666665,Standard,3.2655172413793103,63.3,True,Average,North America,2,Experimental
Brazen,Maya Mountain,1518,2015,USA,3.25,Trinitario,Belize,80.0,False,False,False,High (>75%),3.1666666666666665,Standard,3.2346938775510203,61.7,False,Good,North America,0,Premium
Brazen,Ambolikapkly P.,1518,2015,USA,3.25,,Madagascar,60.0,False,False,False,Medium (60-75%),3.1666666666666665,Standard,3.2655172413793103,63.3,True,Good,North America,0,Premium
Breeze Mill,Jamaica,1149,2013,USA,3.0,Trinitario,Jamaica,70.0,False,False,False,Medium (60-75%),3.0,Standard,3.1625,58.1,False,Average,North America,0,Premium
Bright,Somia Plantation,1231,2014,Australia,3.0,Trinitario,Madagascar,72.0,False,False,False,Medium (60-75%),3.1875,Standard,3.2655172413793103,63.3,True,Average,Asia-Pacific,0,Premium
Bright,Marabel Farms,1231,2014,Australia,3.5,,Dominican Republic,70.0,False,False,True,Medium (60-75%),3.1875,Standard,3.2063253012048194,60.3,False,Good,Asia-Pacific,0,Premium
Bright,"Camino Verde, Balao, Guayas",1231,2014,Australia,3.5,,Ecuador,72.0,False,False,True,Medium (60-75%),3.1875,Standard,3.134715025906736,56.7,False,Good,Asia-Pacific,0,Premium
Bright,Gran Couva,1235,2014,Australia,2.75,Trinitario,Trinidad,68.0,False,False,False,Medium (60-75%),3.1875,Standard,3.2045454545454546,60.2,False,Average,Asia-Pacific,0,Premium
Britarev,Ecuador,1638,2015,Russia,3.25,,Ecuador,70.0,False,False,False,Medium (60-75%),3.25,Standard,3.134715025906736,56.7,False,Good,Other,0,Premium
Bronx Grrl Chocolate,Dominican Republic,1181,2013,USA,2.75,,Dominican Republic,68.0,False,False,False,Medium (60-75%),2.75,Low-Rated,3.2063253012048194,60.3,False,Average,North America,0,Premium
Burnt Fork Bend,Trinidad,1299,2014,USA,3.25,Trinitario,Trinidad,72.0,False,False,False,Medium (60-75%),3.15,Standard,3.2045454545454546,60.2,False,Good,North America,0,Premium
Burnt Fork Bend,Mindo,1299,2014,USA,3.5,,Ecuador,72.0,False,False,True,Medium (60-75%),3.15,Standard,3.134715025906736,56.7,False,Good,North America,0,Premium
Burnt Fork Bend,Belize,1303,2014,USA,3.25,Trinitario,Belize,72.0,False,False,False,Medium (60-75%),3.15,Standard,3.2346938775510203,61.7,False,Good,North America,0,Premium
Burnt Fork Bend,Blend,1303,2014,USA,3.25,Blend,,72.0,False,False,False,Medium (60-75%),3.15,Standard,,,False,Good,North America,0,Premium
Burnt Fork Bend,"Ecuador, Bob Bar",1323,2014,USA,2.5,,Ecuador,60.0,False,False,False,Medium (60-75%),3.15,Standard,3.134715025906736,56.7,False,Below Average,North America,0,Premium
Cacao Arabuco,Puerto Rico,1606,2015,Puerto Rico,2.5,,Puerto Rico,70.0,False,False,False,Medium (60-75%),2.5,Low-Rated,2.5,25.0,False,Below Average,Other,0,Premium
Cacao Atlanta,Tumbes,1215,2014,USA,2.5,Criollo,Peru,75.0,False,False,False,Medium (60-75%),2.5,Low-Rated,3.137878787878788,56.9,False,Below Average,North America,2,Experimental
Cacao Atlanta,"Dominican Republic, ""Love Bar""",502,2010,USA,2.5,,Dominican Republic,75.0,False,False,False,Medium (60-75%),2.5,Low-Rated,3.2063253012048194,60.3,False,Below Average,North America,2,Experimental
Cacao Atlanta,Dominican Republic W/ Nibs,502,2010,USA,2.75,,Dominican Republic,75.0,False,False,False,Medium (60-75%),2.5,Low-Rated,3.2063253012048194,60.3,False,Average,North America,2,Experimental
Cacao Atlanta,Patanemo,600,2010,USA,2.25,,Venezuela,75.0,False,False,False,Medium (60-75%),2.5,Low-Rated,3.2453271028037385,62.3,True,Below Average,North America,2,Experimental
Cacao Barry,Grand 'Anse,1716,2016,France,3.5,"Trinitario, Criollo",Haiti,65.0,False,False,True,Medium (60-75%),2.7,Low-Rated,3.388888888888889,69.4,True,Good,Europe,0,Premium
Cacao Barry,Santo Domingo,586,2010,France,3.0,,Dominican Republic,70.0,False,False,False,Medium (60-75%),2.7,Low-Rated,3.2063253012048194,60.3,False,Average,Europe,1,Mass Market
Cacao Barry,Tanzania,300,2008,France,2.0,,Tanzania,75.0,False,False,False,Medium (60-75%),2.7,Low-Rated,3.2058823529411766,60.3,False,Below Average,Europe,2,Experimental
Cacao Barry,Venezuela,141,2007,France,2.0,,Venezuela,72.0,False,False,False,Medium (60-75%),2.7,Low-Rated,3.2453271028037385,62.3,True,Below Average,Europe,2,Experimental
Cacao Barry,Mexico,147,2007,France,3.0,,Mexico,66.0,False,False,False,Medium (60-75%),2.7,Low-Rated,3.0083333333333333,50.4,False,Average,Europe,1,Mass Market
Cacao De Origen,Chuao,1688,2015,Venezuela,3.5,Trinitario,Venezuela,77.0,False,False,True,High (>75%),3.2916666666666665,Standard,3.2453271028037385,62.3,True,Good,South America,0,Premium
Cacao De Origen,Rio Caribe,1692,2015,Venezuela,3.25,Trinitario,Venezuela,75.0,False,False,False,Medium (60-75%),3.2916666666666665,Standard,3.2453271028037385,62.3,True,Good,South America,0,Premium
Cacao De Origen,Agua Fria; Sucre Region,1391,2014,Venezuela,2.5,,Venezuela,75.0,False,False,False,Medium (60-75%),3.2916666666666665,Standard,3.2453271028037385,62.3,True,Below Average,South America,2,Experimental
Cacao De Origen,Macuare; Miranda; Chloe Formula,1391,2014,Venezuela,3.25,,Venezuela,74.0,False,False,False,Medium (60-75%),3.2916666666666665,Standard,3.2453271028037385,62.3,True,Good,South America,0,Premium
Cacao De Origen,"Chuao, Aragua Region",1391,2014,Venezuela,3.5,Trinitario,Venezuela,75.0,False,False,True,Medium (60-75%),3.2916666666666665,Standard,3.2453271028037385,62.3,True,Good,South America,0,Premium
Cacao De Origen,"Chuao, Aragua Region",1395,2014,Venezuela,3.75,Trinitario,Venezuela,70.0,False,False,True,Medium (60-75%),3.2916666666666665,Standard,3.2453271028037385,62.3,True,Outstanding,South America,0,Premium
Cacao De Origin,Hacienda La Trinidad,1668,2015,Venezuela,3.25,,Venezuela,74.0,False,False,False,Medium (60-75%),3.25,Standard,3.2453271028037385,62.3,True,Good,South America,0,Premium
Cacao Hunters,Macondo,1816,2016,Colombia,3.75,,Colombia,71.0,False,False,True,Medium (60-75%),3.4642857142857144,Elite,3.225,61.3,False,Outstanding,South America,0,Premium
Cacao Hunters,Perla Negra,1816,2016,Colombia,3.75,,Colombia,74.0,False,False,True,Medium (60-75%),3.4642857142857144,Elite,3.225,61.3,False,Outstanding,South America,0,Premium
Cacao Hunters,Arhuacos,1662,2015,Colombia,3.75,,Colombia,72.0,False,False,True,Medium (60-75%),3.4642857142857144,Elite,3.225,61.3,False,Outstanding,South America,0,Premium
Cacao Hunters,Sierra Nevada,1430,2014,Colombia,3.5,,Colombia,64.0,False,False,True,Medium (60-75%),3.4642857142857144,Elite,3.225,61.3,False,Good,South America,0,Premium
Cacao Hunters,Tumaco,1430,2014,Colombia,3.5,,Colombia,70.0,False,False,True,Medium (60-75%),3.4642857142857144,Elite,3.225,61.3,False,Good,South America,0,Premium
Cacao Hunters,"Boyaca, Aprocampa Coop, Pauna",1434,2014,Colombia,2.75,,Colombia,69.0,False,False,False,Medium (60-75%),3.4642857142857144,Elite,3.225,61.3,False,Average,South America,0,Premium
Cacao Hunters,Arauca,1434,2014,Colombia,3.25,,Colombia,70.0,False,False,False,Medium (60-75%),3.4642857142857144,Elite,3.225,61.3,False,Good,South America,0,Premium
Cacao Market,"Jutiapa, Lot 050916D",1860,2016,USA,3.5,Trinitario,Honduras,70.0,False,False,True,Medium (60-75%),3.5,Elite,3.35,67.5,True,Good,North America,0,Premium
Cacao Prieto,"Criollo, Dominican Republic",991,2012,USA,3.75,Criollo,Dominican Republic,72.0,False,False,True,Medium (60-75%),3.4375,Elite,3.2063253012048194,60.3,False,Outstanding,North America,0,Premium
Cacao Prieto,"Dominican Republicm, Rustic",641,2011,USA,3.0,,Dominican Republic,72.0,False,False,False,Medium (60-75%),3.4375,Elite,3.2063253012048194,60.3,False,Average,North America,1,Mass Market
Cacao Prieto,Dominican Republic,641,2011,USA,3.75,,Dominican Republic,66.0,False,False,True,Medium (60-75%),3.4375,Elite,3.2063253012048194,60.3,False,Outstanding,North America,1,Mass Market
Cacao Prieto,"Dominican Republic, Rustic",647,2011,USA,3.25,,Dominican Republic,65.0,False,False,False,Medium (60-75%),3.4375,Elite,3.2063253012048194,60.3,False,Good,North America,1,Mass Market
Cacao Sampaka,"Mahali, Kasai",1908,2016,Spain,3.5,Criollo,Dr Congo,70.0,False,False,True,Medium (60-75%),3.6666666666666665,Elite,3.325,66.3,True,Good,Europe,0,Premium
Cacao Sampaka,Madagascar,508,2010,Spain,3.5,Trinitario,Madagascar,71.0,False,False,True,Medium (60-75%),3.6666666666666665,Elite,3.2655172413793103,63.3,True,Good,Europe,1,Mass Market
Cacao Sampaka,Ecuador,523,2010,Spain,3.75,,Ecuador,71.0,False,False,True,Medium (60-75%),3.6666666666666665,Elite,3.134715025906736,56.7,False,Outstanding,Europe,1,Mass Market
Cacao Sampaka,Papua,523,2010,Spain,4.0,,Papua New Guinea,71.0,False,False,True,Medium (60-75%),3.6666666666666665,Elite,3.2916666666666665,64.6,True,Outstanding,Europe,1,Mass Market
Cacao Sampaka,Grenada,537,2010,Spain,3.25,Trinitario,Grenada,71.0,False,False,False,Medium (60-75%),3.6666666666666665,Elite,3.026315789473684,51.3,False,Good,Europe,1,Mass Market
Cacao Sampaka,Venezuela,537,2010,Spain,3.5,,Venezuela,71.0,False,False,True,Medium (60-75%),3.6666666666666665,Elite,3.2453271028037385,62.3,True,Good,Europe,1,Mass Market
Cacao Sampaka,Venezuela,537,2010,Spain,3.5,,Venezuela,77.0,False,False,True,High (>75%),3.6666666666666665,Elite,3.2453271028037385,62.3,True,Good,Europe,1,Mass Market
Cacao Sampaka,"Porcelana, Tabasco, La Joya",336,2009,Spain,4.0,Criollo,Mexico,70.0,False,False,True,Medium (60-75%),3.6666666666666665,Elite,3.0083333333333333,50.4,False,Outstanding,Europe,1,Mass Market
Cacao Sampaka,"Xoconusco, Chiapas",346,2009,Spain,4.0,Criollo,Mexico,70.0,False,False,True,Medium (60-75%),3.6666666666666665,Elite,3.0083333333333333,50.4,False,Outstanding,Europe,1,Mass Market
Cacao Store,Madagascar,1684,2015,Japan,3.0,Trinitario,Madagascar,70.0,False,False,False,Medium (60-75%),3.25,Standard,3.2655172413793103,63.3,True,Average,Asia-Pacific,0,Premium
Cacao Store,Peru,1684,2015,Japan,3.25,,Peru,70.0,False,False,False,Medium (60-75%),3.25,Standard,3.137878787878788,56.9,False,Good,Asia-Pacific,0,Premium
Cacao Store,Vietnam,1684,2015,Japan,3.5,Trinitario,Vietnam,70.0,False,False,True,Medium (60-75%),3.25,Standard,3.3157894736842106,65.8,True,Good,Asia-Pacific,0,Premium
Cacaosuyo (Theobroma Inversiones),Piura,1173,2013,Peru,3.25,,Peru,70.0,False,False,False,Medium (60-75%),3.25,Standard,3.137878787878788,56.9,False,Good,South America,0,Premium
Cacaoyere (Ecuatoriana),Amazonia,237,2008,Ecuador,3.5,Forastero (Arriba),Ecuador,63.0,False,False,True,Medium (60-75%),2.75,Low-Rated,3.134715025906736,56.7,False,Good,South America,1,Mass Market
Cacaoyere (Ecuatoriana),Esmeraldas,237,2008,Ecuador,3.5,Forastero (Arriba),Ecuador,71.0,False,False,True,Medium (60-75%),2.75,Low-Rated,3.134715025906736,56.7,False,Good,South America,1,Mass Market
Cacaoyere (Ecuatoriana),Bolivar,245,2008,Ecuador,2.5,Forastero (Arriba),Ecuador,82.0,False,False,False,High (>75%),2.75,Low-Rated,3.134715025906736,56.7,False,Below Average,South America,2,Experimental
Cacaoyere (Ecuatoriana),Pichincha,259,2008,Ecuador,1.5,Forastero (Arriba),Ecuador,91.0,False,True,False,High (>75%),2.75,Low-Rated,3.134715025906736,56.7,False,Poor,South America,2,Experimental
Callebaut,Grenade,296,2008,Belgium,2.75,Trinitario,Grenada,60.0,False,False,False,Medium (60-75%),1.875,Low-Rated,3.026315789473684,51.3,False,Average,Europe,1,Mass Market
Callebaut,Baking,141,2007,Belgium,1.0,,Ecuador,70.0,False,False,False,Medium (60-75%),1.875,Low-Rated,3.134715025906736,56.7,False,Poor,Europe,2,Experimental
C-Amaro,Cuba,1442,2014,Italy,2.5,,Cuba,75.0,False,False,False,Medium (60-75%),2.892857142857143,Low-Rated,3.25,62.5,True,Below Average,Europe,2,Experimental
C-Amaro,Dominican Republic,1442,2014,Italy,3.0,,Dominican Republic,72.0,False,False,False,Medium (60-75%),2.892857142857143,Low-Rated,3.2063253012048194,60.3,False,Average,Europe,0,Premium
C-Amaro,"Lago Di Como, Blu",1442,2014,Italy,3.5,Blend,,70.0,False,False,True,Medium (60-75%),2.892857142857143,Low-Rated,,,False,Good,Europe,0,Premium
C-Amaro,Ecuador,1185,2013,Italy,3.5,,Ecuador,100.0,False,True,True,High (>75%),2.892857142857143,Low-Rated,3.134715025906736,56.7,False,Good,Europe,2,Experimental
C-Amaro,Venezuela,809,2012,Italy,3.0,,Venezuela,80.0,False,False,False,High (>75%),2.892857142857143,Low-Rated,3.2453271028037385,62.3,True,Average,Europe,2,Experimental
C-Amaro,Sao Tome,749,2011,Italy,2.25,Forastero,Sao Tome,78.0,False,False,False,High (>75%),2.892857142857143,Low-Rated,3.175,58.7,False,Below Average,Europe,2,Experimental
C-Amaro,Trinidad,765,2011,Italy,2.5,Trinitario,Trinidad,70.0,False,False,False,Medium (60-75%),2.892857142857143,Low-Rated,3.2045454545454546,60.2,False,Below Average,Europe,2,Experimental
Cao,Porcelana,1804,2016,USA,2.5,Criollo,Venezuela,75.0,False,False,False,Medium (60-75%),2.9,Low-Rated,3.2453271028037385,62.3,True,Below Average,North America,2,Experimental
Cao,Tanzania,1804,2016,USA,2.75,,Tanzania,73.0,False,False,False,Medium (60-75%),2.9,Low-Rated,3.2058823529411766,60.3,False,Average,North America,0,Premium
Cao,"Porcelana, Batch 5163",1804,2016,USA,3.0,Criollo,Venezuela,70.0,False,False,False,Medium (60-75%),2.9,Low-Rated,3.2453271028037385,62.3,True,Average,North America,0,Premium
Cao,Bolivia,1808,2016,USA,3.0,,Bolivia,75.0,False,False,False,Medium (60-75%),2.9,Low-Rated,3.1973684210526314,59.9,False,Average,North America,0,Premium
Cao,Brazil,1808,2016,USA,3.25,Trinitario,Brazil,70.0,False,False,False,Medium (60-75%),2.9,Low-Rated,3.284482758620689,64.2,True,Good,North America,0,Premium
Caoni (Tulicorp),Esmeraldas,237,2008,Ecuador,2.0,Forastero (Arriba),Ecuador,77.0,False,False,False,High (>75%),2.833333333333333,Low-Rated,3.134715025906736,56.7,False,Below Average,South America,2,Experimental
Caoni (Tulicorp),Manabi,237,2008,Ecuador,2.5,Forastero (Arriba),Ecuador,77.0,False,False,False,High (>75%),2.833333333333333,Low-Rated,3.134715025906736,56.7,False,Below Average,South America,2,Experimental
Caoni (Tulicorp),Los Rios,245,2008,Ecuador,2.75,Forastero (Arriba),Ecuador,77.0,False,False,False,High (>75%),2.833333333333333,Low-Rated,3.134715025906736,56.7,False,Average,South America,2,Experimental
Caoni (Tulicorp),Manabi,266,2008,Ecuador,3.0,Forastero (Arriba),Ecuador,55.0,False,False,False,Low (<60%),2.833333333333333,Low-Rated,3.134715025906736,56.7,False,Average,South America,1,Mass Market
Caoni (Tulicorp),Los Rios,269,2008,Ecuador,3.25,Forastero (Arriba),Ecuador,55.0,False,False,False,Low (<60%),2.833333333333333,Low-Rated,3.134715025906736,56.7,False,Good,South America,1,Mass Market
Caoni (Tulicorp),Esmeraldas,269,2008,Ecuador,3.5,Forastero (Arriba),Ecuador,55.0,False,False,True,Low (<60%),2.833333333333333,Low-Rated,3.134715025906736,56.7,False,Good,South America,1,Mass Market
Captain Pembleton,"Saidor Estate, Madang P.",1263,2014,New Zealand,3.5,Trinitario,Papua New Guinea,70.0,False,False,True,Medium (60-75%),3.625,Elite,3.2916666666666665,64.6,True,Good,Asia-Pacific,0,Premium
Captain Pembleton,Kulili Estate,1263,2014,New Zealand,3.75,,Papua New Guinea,70.0,False,False,True,Medium (60-75%),3.625,Elite,3.2916666666666665,64.6,True,Outstanding,Asia-Pacific,0,Premium
Caribeans,"Antigua, Special Reserve",1582,2015,Costa Rica,3.5,,Guatemala,72.0,False,False,True,Medium (60-75%),3.2,Standard,3.321428571428572,66.1,True,Good,Central America,0,Premium
Caribeans,"Talamanca, Raul-Kekoldo Community",1586,2015,Costa Rica,3.25,,Costa Rica,72.0,False,False,False,Medium (60-75%),3.2,Standard,3.1447368421052637,57.2,False,Good,Central America,0,Premium
Caribeans,Anselmo Paraiso Estate,1586,2015,Costa Rica,3.5,,Costa Rica,72.0,False,False,True,Medium (60-75%),3.2,Standard,3.1447368421052637,57.2,False,Good,Central America,0,Premium
Caribeans,Costa Rica,841,2012,Costa Rica,3.0,Forastero,Costa Rica,72.0,False,False,False,Medium (60-75%),3.2,Standard,3.1447368421052637,57.2,False,Average,Central America,0,Premium
Caribeans,Costa Rica,845,2012,Costa Rica,2.75,Forastero,Costa Rica,80.0,False,False,False,High (>75%),3.2,Standard,3.1447368421052637,57.2,False,Average,Central America,2,Experimental
Carlotta Chocolat,Arauca,1884,2016,Colombia,3.0,Trinitario,Colombia,65.0,False,False,False,Medium (60-75%),3.3,Standard,3.225,61.3,False,Average,South America,0,Premium
Carlotta Chocolat,Tumaco,1888,2016,Colombia,3.25,Trinitario,Colombia,65.0,False,False,False,Medium (60-75%),3.3,Standard,3.225,61.3,False,Good,South America,0,Premium
Carlotta Chocolat,Cordoba,1888,2016,Colombia,3.25,Trinitario,Colombia,65.0,False,False,False,Medium (60-75%),3.3,Standard,3.225,61.3,False,Good,South America,0,Premium
Carlotta Chocolat,Huila,1888,2016,Colombia,3.5,Trinitario,Colombia,65.0,False,False,True,Medium (60-75%),3.3,Standard,3.225,61.3,False,Good,South America,0,Premium
Carlotta Chocolat,Cesar,1888,2016,Colombia,3.5,Ccn51,Colombia,65.0,False,False,True,Medium (60-75%),3.3,Standard,3.225,61.3,False,Good,South America,0,Premium
Castronovo,"Maya Mtn, Batch 454, Heirloom",1724,2016,USA,4.0,Trinitario,Belize,72.0,False,False,True,Medium (60-75%),3.267857142857143,Standard,3.2346938775510203,61.7,False,Outstanding,North America,0,Premium
Castronovo,"The Lost City, Gracias A Dias, Batch 362",1570,2015,USA,3.5,Trinitario,Honduras,72.0,False,False,True,Medium (60-75%),3.267857142857143,Standard,3.35,67.5,True,Good,North America,0,Premium
Castronovo,"Duarte, Batch 360",1570,2015,USA,3.75,"Criollo, Trinitario",Dominican Republic,70.0,False,False,True,Medium (60-75%),3.267857142857143,Standard,3.2063253012048194,60.3,False,Outstanding,North America,0,Premium
Castronovo,"Piaroa, Amazonas, Batch 350",1574,2015,USA,3.5,,Venezuela,72.0,False,False,True,Medium (60-75%),3.267857142857143,Standard,3.2453271028037385,62.3,True,Good,North America,0,Premium
Castronovo,Sierra Nevada,1347,2014,USA,3.5,"Criollo, Trinitario",Colombia,72.0,False,False,True,Medium (60-75%),3.267857142857143,Standard,3.225,61.3,False,Good,North America,0,Premium
Castronovo,Arauca,1371,2014,USA,3.5,"Criollo, Trinitario",Colombia,76.0,False,False,True,High (>75%),3.267857142857143,Standard,3.225,61.3,False,Good,North America,0,Premium
Castronovo,Elvesia P.,1407,2014,USA,2.75,Trinitario,Dominican Republic,70.0,False,False,False,Medium (60-75%),3.267857142857143,Standard,3.2063253012048194,60.3,False,Average,North America,0,Premium
Castronovo,Bolivia,1101,2013,USA,3.0,Trinitario,Bolivia,70.0,False,False,False,Medium (60-75%),3.267857142857143,Standard,3.1973684210526314,59.9,False,Average,North America,0,Premium
Castronovo,Conacado,1101,2013,USA,3.5,Trinitario,Dominican Republic,73.0,False,False,True,Medium (60-75%),3.267857142857143,Standard,3.2063253012048194,60.3,False,Good,North America,0,Premium
Castronovo,San Martin,1105,2013,USA,2.5,Criollo,Peru,70.0,False,False,False,Medium (60-75%),3.267857142857143,Standard,3.137878787878788,56.9,False,Below Average,North America,2,Experimental
Castronovo,"Guaniamo, Amazonas",1105,2013,USA,3.25,,Venezuela,70.0,False,False,False,Medium (60-75%),3.267857142857143,Standard,3.2453271028037385,62.3,True,Good,North America,0,Premium
Castronovo,Nicaragua,1109,2013,USA,3.25,Trinitario,Nicaragua,72.0,False,False,False,Medium (60-75%),3.267857142857143,Standard,3.2,60.0,False,Good,North America,0,Premium
Castronovo,Tumbes,1153,2013,USA,2.75,Criollo,Peru,70.0,False,False,False,Medium (60-75%),3.267857142857143,Standard,3.137878787878788,56.9,False,Average,North America,0,Premium
Castronovo,Guaniamo,1153,2013,USA,3.0,,Venezuela,72.0,False,False,False,Medium (60-75%),3.267857142857143,Standard,3.2453271028037385,62.3,True,Average,North America,0,Premium
Cello,Ecuador,1247,2014,USA,2.5,,Ecuador,70.0,False,False,False,Medium (60-75%),2.75,Low-Rated,3.134715025906736,56.7,False,Below Average,North America,2,Experimental
Cello,Peru,1247,2014,USA,2.75,,Peru,70.0,False,False,False,Medium (60-75%),2.75,Low-Rated,3.137878787878788,56.9,False,Average,North America,0,Premium
Cello,Venezuela,1251,2014,USA,2.75,,Venezuela,70.0,False,False,False,Medium (60-75%),2.75,Low-Rated,3.2453271028037385,62.3,True,Average,North America,0,Premium
Cello,Bolivia,1251,2014,USA,3.0,,Bolivia,70.0,False,False,False,Medium (60-75%),2.75,Low-Rated,3.1973684210526314,59.9,False,Average,North America,0,Premium
Cemoi,Equateur,404,2009,France,2.75,,Ecuador,72.0,False,False,False,Medium (60-75%),2.75,Low-Rated,3.134715025906736,56.7,False,Average,Europe,1,Mass Market
Chaleur B,Uganda,1426,2014,Canada,2.75,Forastero,Uganda,70.0,False,False,False,Medium (60-75%),2.75,Low-Rated,2.8125,40.6,False,Average,North America,0,Premium
Charm School,Maya Mtn,1900,2016,USA,3.25,,Belize,70.0,False,False,False,Medium (60-75%),3.25,Standard,3.2346938775510203,61.7,False,Good,North America,0,Premium
Chchukululu (Tulicorp),Arriba,486,2010,Ecuador,2.75,Forastero (Arriba),Ecuador,55.0,False,False,False,Low (<60%),2.875,Low-Rated,3.134715025906736,56.7,False,Average,South America,1,Mass Market
Chchukululu (Tulicorp),Los Rios,252,2008,Ecuador,3.0,Forastero (Arriba),Ecuador,75.0,False,False,False,Medium (60-75%),2.875,Low-Rated,3.134715025906736,56.7,False,Average,South America,1,Mass Market
Chequessett,La Amistad,1235,2014,USA,3.5,,Costa Rica,70.0,False,False,True,Medium (60-75%),3.5,Elite,3.1447368421052637,57.2,False,Good,North America,0,Premium
Chloe Chocolat,Blend No. 1,672,2011,France,3.5,,,70.0,False,False,True,Medium (60-75%),3.5,Elite,,,False,Good,Europe,1,Mass Market
Chocablog,Ecuador,1454,2015,U.K.,3.25,,Ecuador,70.0,False,False,False,Medium (60-75%),3.25,Standard,3.134715025906736,56.7,False,Good,Other,0,Premium
Choco Del Sol,Maya Mountain W/ Nibs,1407,2014,Germany,3.0,Trinitario,Belize,75.0,False,False,False,Medium (60-75%),3.125,Standard,3.2346938775510203,61.7,False,Average,Europe,0,Premium
Choco Del Sol,Maya Mountain,1407,2014,Germany,3.25,Trinitario,Belize,82.0,False,False,False,High (>75%),3.125,Standard,3.2346938775510203,61.7,False,Good,Europe,2,Experimental
Choco Dong,"Mekong Delta, Early 2014 Harvest",1696,2015,South Korea,2.75,Trinitario,Vietnam,70.0,False,False,False,Medium (60-75%),3.125,Standard,3.3157894736842106,65.8,True,Average,Asia-Pacific,0,Premium
Choco Dong,"Tawau, Oct. 2015 Harvest",1696,2015,South Korea,3.5,Trinitario,Malaysia,70.0,False,False,True,Medium (60-75%),3.125,Standard,3.25,62.5,True,Good,Asia-Pacific,0,Premium
Chocolarder,Peru,1482,2015,U.K.,2.5,Criollo,Peru,65.0,False,False,False,Medium (60-75%),2.583333333333333,Low-Rated,3.137878787878788,56.9,False,Below Average,Other,0,Premium
Chocolarder,Peru + Nibs,1482,2015,U.K.,2.75,Criollo,Peru,65.0,False,False,False,Medium (60-75%),2.583333333333333,Low-Rated,3.137878787878788,56.9,False,Average,Other,0,Premium
Chocolarder,Dominican Republic,1514,2015,U.K.,2.5,,Dominican Republic,80.0,False,False,False,High (>75%),2.583333333333333,Low-Rated,3.2063253012048194,60.3,False,Below Average,Other,2,Experimental
Chocola'Te,Madagascar,647,2011,USA,3.75,Trinitario,Madagascar,70.0,False,False,True,Medium (60-75%),3.75,Elite,3.2655172413793103,63.3,True,Outstanding,North America,1,Mass Market
Chocola'Te,Venezuela,647,2011,USA,3.75,,Venezuela,68.0,False,False,True,Medium (60-75%),3.75,Elite,3.2453271028037385,62.3,True,Outstanding,North America,1,Mass Market
Chocolate Alchemist-Philly,"Tumbes, ""Zarumilla""",1772,2016,USA,2.5,,Peru,90.0,False,False,False,High (>75%),2.5,Low-Rated,3.137878787878788,56.9,False,Below Average,North America,2,Experimental
Chocolate Alchemist-Philly,"Philly Blend, 5 Plantations",1772,2016,USA,2.5,,,80.0,False,False,False,High (>75%),2.5,Low-Rated,,,False,Below Average,North America,2,Experimental
Chocolate Con Amor,Wild Bolivian,1760,2016,USA,2.5,,Bolivia,70.0,False,False,False,Medium (60-75%),2.892857142857143,Low-Rated,3.1973684210526314,59.9,False,Below Average,North America,0,Premium
Chocolate Con Amor,Uganda,1760,2016,USA,2.75,,Uganda,70.0,False,False,False,Medium (60-75%),2.892857142857143,Low-Rated,2.8125,40.6,False,Average,North America,0,Premium
Chocolate Con Amor,Dominican Republic,1764,2016,USA,3.0,,Dominican Republic,60.0,False,False,False,Medium (60-75%),2.892857142857143,Low-Rated,3.2063253012048194,60.3,False,Average,North America,0,Premium
Chocolate Con Amor,Dominican Republic,1764,2016,USA,3.0,,Dominican Republic,75.0,False,False,False,Medium (60-75%),2.892857142857143,Low-Rated,3.2063253012048194,60.3,False,Average,North America,0,Premium
Chocolate Con Amor,Ocumare,1764,2016,USA,3.0,Criollo (Ocumare),Venezuela,80.0,False,False,False,High (>75%),2.892857142857143,Low-Rated,3.2453271028037385,62.3,True,Average,North America,2,Experimental
Chocolate Con Amor,Ecuador,1764,2016,USA,3.25,,Ecuador,70.0,False,False,False,Medium (60-75%),2.892857142857143,Low-Rated,3.134715025906736,56.7,False,Good,North America,0,Premium
Chocolate Con Amor,Nicaragua,1768,2016,USA,2.75,,Nicaragua,80.0,False,False,False,High (>75%),2.892857142857143,Low-Rated,3.2,60.0,False,Average,North America,2,Experimental
Chocolate Conspiracy,Peru,1259,2014,USA,2.75,,Peru,74.0,False,False,False,Medium (60-75%),2.75,Low-Rated,3.137878787878788,56.9,False,Average,North America,2,Experimental
Chocolate Makers,Tres Hombres,1530,2015,Amsterdam,3.25,Trinitario,Dominican Republic,75.0,False,False,False,Medium (60-75%),3.5,Elite,3.2063253012048194,60.3,False,Good,Europe,0,Premium
Chocolate Makers,"Congo, Gorilla Bar",1530,2015,Amsterdam,3.5,Forastero,Dr Congo,68.0,False,False,True,Medium (60-75%),3.5,Elite,3.325,66.3,True,Good,Europe,0,Premium
Chocolate Makers,"Peru, Awagum Bar",1530,2015,Amsterdam,3.75,Criollo,Peru,80.0,False,False,True,High (>75%),3.5,Elite,3.137878787878788,56.9,False,Outstanding,Europe,0,Premium
"Chocolate Tree, The",Maranon,1582,2015,Scotland,3.75,Forastero (Nacional),Peru,69.0,False,False,True,Medium (60-75%),3.2916666666666665,Standard,3.137878787878788,56.9,False,Outstanding,Europe,0,Premium
"Chocolate Tree, The",Carenero Superior,1582,2015,Scotland,3.75,Trinitario,Venezuela,80.0,False,False,True,High (>75%),3.2916666666666665,Standard,3.2453271028037385,62.3,True,Outstanding,Europe,0,Premium
"Chocolate Tree, The",Peru,1121,2013,Scotland,3.75,Forastero (Nacional),Peru,70.0,False,False,True,Medium (60-75%),3.2916666666666665,Standard,3.137878787878788,56.9,False,Outstanding,Europe,0,Premium
"Chocolate Tree, The",Ecuador,919,2012,Scotland,2.5,Forastero (Arriba),Ecuador,82.0,False,False,False,High (>75%),3.2916666666666665,Standard,3.134715025906736,56.7,False,Below Average,Europe,2,Experimental
"Chocolate Tree, The",Peru,919,2012,Scotland,2.75,Criollo,Peru,68.0,False,False,False,Medium (60-75%),3.2916666666666665,Standard,3.137878787878788,56.9,False,Average,Europe,0,Premium
"Chocolate Tree, The",Madagascar,919,2012,Scotland,3.25,Criollo,Madagascar,72.0,False,False,False,Medium (60-75%),3.2916666666666665,Standard,3.2655172413793103,63.3,True,Good,Europe,0,Premium
Chocolats Privilege,Xoconusco,1219,2014,Canada,2.5,Criollo,Mexico,70.0,False,False,False,Medium (60-75%),2.5,Low-Rated,3.0083333333333333,50.4,False,Below Average,North America,2,Experimental
Chocoreko,Patanemo,1454,2015,Japan,3.0,Criollo,Venezuela,77.0,False,False,False,High (>75%),3.0,Standard,3.2453271028037385,62.3,True,Average,Asia-Pacific,0,Premium
Chocosol,"Chiapas, Lacandon Jungle, Oaxacom Mtn",682,2011,Canada,3.25,,Mexico,65.0,False,False,False,Medium (60-75%),3.25,Standard,3.0083333333333333,50.4,False,Good,North America,1,Mass Market
Chocovic,Xoconusco,478,2010,Spain,3.25,Criollo,Mexico,71.0,False,False,False,Medium (60-75%),3.09375,Standard,3.0083333333333333,50.4,False,Good,Europe,1,Mass Market
Chocovic,Sambirano,478,2010,Spain,3.5,Trinitario,Madagascar,71.0,False,False,True,Medium (60-75%),3.09375,Standard,3.2655172413793103,63.3,True,Good,Europe,1,Mass Market
Chocovic,Kendari,439,2009,Spain,3.25,,,60.0,False,False,False,Medium (60-75%),3.09375,Standard,,,False,Good,Europe,1,Mass Market
Chocovic,Tarakan,439,2009,Spain,3.25,,,75.0,False,False,False,Medium (60-75%),3.09375,Standard,,,False,Good,Europe,1,Mass Market
Chocovic,Ocumare,209,2008,Spain,3.5,Criollo,Venezuela,71.0,False,False,True,Medium (60-75%),3.09375,Standard,3.2453271028037385,62.3,True,Good,Europe,1,Mass Market
Chocovic,"Bolivar, Guaranda",117,2007,Spain,2.5,Forastero (Arriba),Ecuador,71.0,False,False,False,Medium (60-75%),3.09375,Standard,3.134715025906736,56.7,False,Below Average,Europe,1,Mass Market
Chocovic,Guyave,117,2007,Spain,2.5,Trinitario,Grenada,71.0,False,False,False,Medium (60-75%),3.09375,Standard,3.026315789473684,51.3,False,Below Average,Europe,1,Mass Market
Chocovic,Maragda,117,2007,Spain,3.0,Blend,,70.0,False,False,False,Medium (60-75%),3.09375,Standard,,,False,Average,Europe,1,Mass Market
Chocovivo,Tabasco,1522,2015,USA,2.5,Trinitario,Mexico,65.0,False,False,False,Medium (60-75%),2.5,Low-Rated,3.0083333333333333,50.4,False,Below Average,North America,0,Premium
Chocovivo,Tabasco,1522,2015,USA,2.5,Trinitario,Mexico,75.0,False,False,False,Medium (60-75%),2.5,Low-Rated,3.0083333333333333,50.4,False,Below Average,North America,2,Experimental
Choklat,Ocumare,377,2009,Canada,2.5,Criollo,Venezuela,80.0,False,False,False,High (>75%),2.85,Low-Rated,3.2453271028037385,62.3,True,Below Average,North America,2,Experimental
Choklat,"Porcelana, Tabasco",377,2009,Canada,2.75,Criollo,Mexico,70.0,False,False,False,Medium (60-75%),2.85,Low-Rated,3.0083333333333333,50.4,False,Average,North America,1,Mass Market
Choklat,Brazilian,377,2009,Canada,3.0,,Brazil,70.0,False,False,False,Medium (60-75%),2.85,Low-Rated,3.284482758620689,64.2,True,Average,North America,1,Mass Market
Choklat,Brazilian,377,2009,Canada,3.0,,Brazil,80.0,False,False,False,High (>75%),2.85,Low-Rated,3.284482758620689,64.2,True,Average,North America,2,Experimental
Choklat,Ocumare,377,2009,Canada,3.0,Criollo,Venezuela,70.0,False,False,False,Medium (60-75%),2.85,Low-Rated,3.2453271028037385,62.3,True,Average,North America,1,Mass Market
Chokolat Elot (Girard),Guadeloupe,1149,2013,Martinique,2.75,,Martinique,42.0,False,True,False,Low (<60%),2.75,Low-Rated,2.75,37.5,False,Average,Caribbean,1,Mass Market
Choocsol,"Chiapas, Lacandon Jungle, Oaxacom Mtn",1832,2016,Canada,3.25,,Mexico,75.0,False,False,False,Medium (60-75%),3.25,Standard,3.0083333333333333,50.4,False,Good,North America,0,Premium
Christopher Morel (Felchlin),"Maranon Canyon, Fortunato No. 4",666,2011,Canada,3.75,Forastero (Nacional),Peru,68.0,False,False,True,Medium (60-75%),3.75,Elite,3.137878787878788,56.9,False,Outstanding,North America,1,Mass Market
Chuao Chocolatier,Choroni,445,2009,USA,3.0,Criollo,Venezuela,61.0,False,False,False,Medium (60-75%),3.0,Standard,3.2453271028037385,62.3,True,Average,North America,1,Mass Market
Chuao Chocolatier (Pralus),Chuao,486,2010,USA,2.75,Trinitario,Venezuela,77.0,False,False,False,High (>75%),2.75,Low-Rated,3.2453271028037385,62.3,True,Average,North America,2,Experimental
Claudio Corallo,Terreiro Velho P.,470,2010,Sao Tome,3.75,Forastero,Sao Tome & Principe,73.5,False,False,True,Medium (60-75%),2.9375,Low-Rated,3.1785714285714284,58.9,False,Outstanding,Africa,1,Mass Market
Claudio Corallo,Terreiro Velho P. W/ Sugar Crystals,209,2008,Sao Tome,3.0,Forastero,Sao Tome & Principe,80.0,False,False,False,High (>75%),2.9375,Low-Rated,3.1785714285714284,58.9,False,Average,Africa,2,Experimental
Claudio Corallo,Terreiro Velho P.,227,2008,Sao Tome,4.0,Forastero,Sao Tome & Principe,75.0,False,False,True,Medium (60-75%),2.9375,Low-Rated,3.1785714285714284,58.9,False,Outstanding,Africa,1,Mass Market
Claudio Corallo,Principe,252,2008,Sao Tome,1.0,Forastero,Sao Tome & Principe,100.0,False,True,False,High (>75%),2.9375,Low-Rated,3.1785714285714284,58.9,False,Poor,Africa,2,Experimental
Cloudforest,"Camino Verde P., Balao, Guayas, 2014",1486,2015,USA,3.5,,Ecuador,73.0,False,False,True,Medium (60-75%),3.5,Elite,3.134715025906736,56.7,False,Good,North America,0,Premium
Coleman & Davis,Sambirano,1646,2015,USA,3.0,Trinitario,Madagascar,75.0,False,False,False,Medium (60-75%),3.0,Standard,3.2655172413793103,63.3,True,Average,North America,0,Premium
Compania De Chocolate (Salgado),Sur Del Lago,579,2010,Argentina,3.25,,Venezuela,70.0,False,False,False,Medium (60-75%),3.15,Standard,3.2453271028037385,62.3,True,Good,South America,1,Mass Market
Compania De Chocolate (Salgado),Carenero Superior,292,2008,Argentina,2.75,Trinitario,Venezuela,80.0,False,False,False,High (>75%),3.15,Standard,3.2453271028037385,62.3,True,Average,South America,2,Experimental
Compania De Chocolate (Salgado),Moxos,292,2008,Argentina,3.25,,Bolivia,72.0,False,False,False,Medium (60-75%),3.15,Standard,3.1973684210526314,59.9,False,Good,South America,1,Mass Market
Compania De Chocolate (Salgado),Ocumare,292,2008,Argentina,3.75,Criollo,Venezuela,70.0,False,False,True,Medium (60-75%),3.15,Standard,3.2453271028037385,62.3,True,Outstanding,South America,1,Mass Market
Compania De Chocolate (Salgado),Esmeraldas,296,2008,Argentina,2.75,Forastero (Nacional),Ecuador,88.0,False,False,False,High (>75%),3.15,Standard,3.134715025906736,56.7,False,Average,South America,2,Experimental
Condor,Camino Verde,1630,2015,USA,3.5,,Ecuador,76.0,False,False,True,High (>75%),3.5,Elite,3.134715025906736,56.7,False,Good,North America,0,Premium
Confluence,"Tien Giang, 2015, Batch 10-2-16",1916,2016,USA,2.75,Trinitario,Vietnam,78.0,False,False,False,High (>75%),2.75,Low-Rated,3.3157894736842106,65.8,True,Average,North America,2,Experimental
Coppeneur,"Ecuador, Puristique",1169,2013,Germany,3.25,Forastero (Nacional),Ecuador,65.0,False,False,False,Medium (60-75%),3.125,Standard,3.134715025906736,56.7,False,Good,Europe,0,Premium
Coppeneur,Ghana Puristique,813,2012,Germany,3.5,Forastero,Ghana,85.0,False,False,True,High (>75%),3.125,Standard,3.090909090909091,54.5,False,Good,Europe,2,Experimental
Coppeneur,Ecuador Puristique,817,2012,Germany,1.5,,Ecuador,100.0,False,True,False,High (>75%),3.125,Standard,3.134715025906736,56.7,False,Poor,Europe,2,Experimental
Coppeneur,Uba Budo,821,2012,Germany,3.75,Forastero,Sao Tome & Principe,72.0,False,False,True,Medium (60-75%),3.125,Standard,3.1785714285714284,58.9,False,Outstanding,Europe,0,Premium
Coppeneur,Madagascar,959,2012,Germany,3.5,Trinitario,Madagascar,70.0,False,False,True,Medium (60-75%),3.125,Standard,3.2655172413793103,63.3,True,Good,Europe,0,Premium
Coppeneur,Grenada,470,2010,Germany,3.25,Trinitario,Grenada,72.0,False,False,False,Medium (60-75%),3.125,Standard,3.026315789473684,51.3,False,Good,Europe,1,Mass Market
Coppeneur,Chuao,478,2010,Germany,3.0,Trinitario,Venezuela,70.0,False,False,False,Medium (60-75%),3.125,Standard,3.2453271028037385,62.3,True,Average,Europe,1,Mass Market
Coppeneur,"Los Rios, H. Iara",558,2010,Germany,2.5,Nacional,Ecuador,72.0,False,False,False,Medium (60-75%),3.125,Standard,3.134715025906736,56.7,False,Below Average,Europe,2,Experimental
Coppeneur,Trinidad,558,2010,Germany,3.0,Trinitario,Trinidad,72.0,False,False,False,Medium (60-75%),3.125,Standard,3.2045454545454546,60.2,False,Average,Europe,1,Mass Market
Coppeneur,Jamaica,558,2010,Germany,3.25,Trinitario,Jamaica,72.0,False,False,False,Medium (60-75%),3.125,Standard,3.1625,58.1,False,Good,Europe,1,Mass Market
Coppeneur,Ocumare 61,558,2010,Germany,3.25,Criollo (Ocumare 61),Venezuela,72.0,False,False,False,Medium (60-75%),3.125,Standard,3.2453271028037385,62.3,True,Good,Europe,1,Mass Market
Coppeneur,"Porcelana, Apotequil",341,2009,Germany,3.0,Criollo,Peru,72.0,False,False,False,Medium (60-75%),3.125,Standard,3.137878787878788,56.9,False,Average,Europe,1,Mass Market
Coppeneur,"Porcelana, Apotequil",445,2009,Germany,3.25,Criollo,Peru,62.0,False,False,False,Medium (60-75%),3.125,Standard,3.137878787878788,56.9,False,Good,Europe,1,Mass Market
Coppeneur,Chuao 100Hr,451,2009,Germany,3.5,"Criollo, Trinitario",Venezuela,70.0,False,False,True,Medium (60-75%),3.125,Standard,3.2453271028037385,62.3,True,Good,Europe,1,Mass Market
Coppeneur,Chuao 70Hr,451,2009,Germany,3.75,"Criollo, Trinitario",Venezuela,70.0,False,False,True,Medium (60-75%),3.125,Standard,3.2453271028037385,62.3,True,Outstanding,Europe,1,Mass Market
Coppeneur,"Porcelana, Tabasco, Mexico",220,2008,Germany,3.0,Criollo,Mexico,72.0,False,False,False,Medium (60-75%),3.125,Standard,3.0083333333333333,50.4,False,Average,Europe,1,Mass Market
Coppeneur,"Porcelana, Venezuela",220,2008,Germany,3.0,Criollo (Porcelana),Venezuela,72.0,False,False,False,Medium (60-75%),3.125,Standard,3.2453271028037385,62.3,True,Average,Europe,1,Mass Market
Coppeneur,"Sambirano, Menava P.",196,2007,Germany,3.0,Trinitario,Madagascar,72.0,False,False,False,Medium (60-75%),3.125,Standard,3.2655172413793103,63.3,True,Average,Europe,1,Mass Market
Cote D' Or (Kraft),Sensations Intense,48,2006,Belgium,1.0,,,70.0,False,False,False,Medium (60-75%),1.0,Low-Rated,,,False,Poor,Europe,2,Experimental
Cravve,New Ireland,1283,2014,Australia,2.5,Forastero,Papua New Guinea,70.0,False,False,False,Medium (60-75%),3.107142857142857,Standard,3.2916666666666665,64.6,True,Below Average,Asia-Pacific,2,Experimental
Cravve,"Vanuatu, Batch 2410",1335,2014,Australia,2.75,Trinitario,Vanuatu,83.0,False,False,False,High (>75%),3.107142857142857,Standard,3.25,62.5,True,Average,Asia-Pacific,2,Experimental
Cravve,"Tanzania, Batch A1",971,2012,Australia,3.25,Forastero,Tanzania,75.0,False,False,False,Medium (60-75%),3.107142857142857,Standard,3.2058823529411766,60.3,False,Good,Asia-Pacific,0,Premium
Cravve,"Bahia, Batch A1213",975,2012,Australia,3.25,Trinitario,Brazil,65.0,False,False,False,Medium (60-75%),3.107142857142857,Standard,3.284482758620689,64.2,True,Good,Asia-Pacific,1,Mass Market
Cravve,"Namau Village, N. Taileva P., Batch A2812",975,2012,Australia,3.25,Trinitario,Fiji,67.0,False,False,False,Medium (60-75%),3.107142857142857,Standard,3.125,56.2,False,Good,Asia-Pacific,0,Premium
Cravve,Vanuatu,975,2012,Australia,3.25,Trinitario,Vanuatu,64.0,False,False,False,Medium (60-75%),3.107142857142857,Standard,3.25,62.5,True,Good,Asia-Pacific,1,Mass Market
Cravve,Djual Island,975,2012,Australia,3.5,Forastero,Papua New Guinea,75.0,False,False,True,Medium (60-75%),3.107142857142857,Standard,3.2916666666666665,64.6,True,Good,Asia-Pacific,0,Premium
Creo,"""Heirloom"", Arriba Nacional",1736,2016,USA,3.25,Forastero (Nacional),Ecuador,85.0,False,False,False,High (>75%),3.5,Elite,3.134715025906736,56.7,False,Good,North America,2,Experimental
Creo,"""Heirloom"", Arriba Nacional",1736,2016,USA,3.75,Forastero (Nacional),Ecuador,73.0,False,False,True,Medium (60-75%),3.5,Elite,3.134715025906736,56.7,False,Outstanding,North America,0,Premium
Daintree,Goodman Estate,1654,2015,Australia,2.75,,Australia,70.0,False,False,False,Medium (60-75%),3.0,Standard,3.25,62.5,True,Average,Asia-Pacific,0,Premium
Daintree,"Daintree Estates, N. Queensland",785,2011,Australia,3.25,,Australia,70.0,False,False,False,Medium (60-75%),3.0,Standard,3.25,62.5,True,Good,Asia-Pacific,1,Mass Market
Dalloway,"Dominican Republic, Batch 7",1928,2017,USA,2.75,,Dominican Republic,72.0,False,False,False,Medium (60-75%),2.75,Low-Rated,3.2063253012048194,60.3,False,Average,North America,0,Premium
Damson,Robson Estate,1610,2015,U.K.,3.0,Trinitario,Trinidad,70.0,False,False,False,Medium (60-75%),2.875,Low-Rated,3.2045454545454546,60.2,False,Average,Other,0,Premium
Damson,Los Rios,1610,2015,U.K.,3.5,,Ecuador,70.0,False,False,True,Medium (60-75%),2.875,Low-Rated,3.134715025906736,56.7,False,Good,Other,0,Premium
Damson,Crayfish Bay Aka Non Pariel Estate,1666,2015,U.K.,2.25,,Grenada,70.0,False,False,False,Medium (60-75%),2.875,Low-Rated,3.026315789473684,51.3,False,Below Average,Other,2,Experimental
Damson,O'Payo,1666,2015,U.K.,2.75,,Nicaragua,70.0,False,False,False,Medium (60-75%),2.875,Low-Rated,3.2,60.0,False,Average,Other,0,Premium
Dandelion,"Zorzal Reserva, 2015 H., Kerchner",1816,2016,USA,3.75,,,70.0,False,False,True,Medium (60-75%),3.3125,Standard,,,False,Outstanding,North America,0,Premium
Dandelion,"Maya Mtn., Break Bar- Snark",1446,2015,USA,3.0,Trinitario,Belize,70.0,False,False,False,Medium (60-75%),3.3125,Standard,3.2346938775510203,61.7,False,Average,North America,0,Premium
Dandelion,Maya Mountain,1219,2014,USA,3.5,Trinitario,Belize,70.0,False,False,True,Medium (60-75%),3.3125,Standard,3.2346938775510203,61.7,False,Good,North America,0,Premium
Dandelion,"Camino Verde P., Balao, Guayas, 2013",1295,2014,USA,3.5,,Ecuador,70.0,False,False,True,Medium (60-75%),3.3125,Standard,3.134715025906736,56.7,False,Good,North America,0,Premium
Dandelion,Buto,1303,2014,USA,2.75,,Liberia,70.0,False,False,False,Medium (60-75%),3.3125,Standard,3.083333333333333,54.2,False,Average,North America,0,Premium
Dandelion,"San Francisco De Macoris, Cibao Region",1387,2014,USA,3.75,,Dominican Republic,70.0,False,False,True,Medium (60-75%),3.3125,Standard,3.2063253012048194,60.3,False,Outstanding,North America,0,Premium
Dandelion,"Cumboto, Farmer Jose Lugo",1026,2013,USA,2.75,,Venezuela,70.0,False,False,False,Medium (60-75%),3.3125,Standard,3.2453271028037385,62.3,True,Average,North America,0,Premium
Dandelion,Patanemo,1026,2013,USA,3.25,,Venezuela,70.0,False,False,False,Medium (60-75%),3.3125,Standard,3.2453271028037385,62.3,True,Good,North America,0,Premium
Dandelion,"Mantuano, 2012",1085,2013,USA,3.5,,Venezuela,70.0,False,False,True,Medium (60-75%),3.3125,Standard,3.2453271028037385,62.3,True,Good,North America,0,Premium
Dandelion,Papua New Guinea,1153,2013,USA,3.5,,Papua New Guinea,70.0,False,False,True,Medium (60-75%),3.3125,Standard,3.2916666666666665,64.6,True,Good,North America,0,Premium
Dandelion,Upala,805,2012,USA,3.0,,Costa Rica,70.0,False,False,False,Medium (60-75%),3.3125,Standard,3.1447368421052637,57.2,False,Average,North America,0,Premium
Dandelion,Colombian,805,2012,USA,3.25,,Colombia,70.0,False,False,False,Medium (60-75%),3.3125,Standard,3.225,61.3,False,Good,North America,0,Premium
Dandelion,"Elvesia, 2011",915,2012,USA,3.75,,Dominican Republic,70.0,False,False,True,Medium (60-75%),3.3125,Standard,3.2063253012048194,60.3,False,Outstanding,North America,0,Premium
Dandelion,Dominican Republic,654,2011,USA,3.25,,Dominican Republic,70.0,False,False,False,Medium (60-75%),3.3125,Standard,3.2063253012048194,60.3,False,Good,North America,1,Mass Market
Dandelion,Madagascar,654,2011,USA,3.25,Trinitario,Madagascar,70.0,False,False,False,Medium (60-75%),3.3125,Standard,3.2655172413793103,63.3,True,Good,North America,1,Mass Market
Dandelion,Tanzania,654,2011,USA,3.25,,Tanzania,70.0,False,False,False,Medium (60-75%),3.3125,Standard,3.2058823529411766,60.3,False,Good,North America,1,Mass Market
Danta,Los Ujuxtes,1223,2014,Guatemala,3.25,,Guatemala,82.0,False,False,False,High (>75%),3.4166666666666665,Elite,3.321428571428572,66.1,True,Good,Central America,2,Experimental
Danta,Chuao,987,2012,Guatemala,3.0,Trinitario,Venezuela,75.0,False,False,False,Medium (60-75%),3.4166666666666665,Elite,3.2453271028037385,62.3,True,Average,Central America,2,Experimental
Danta,Los Ujuxtes,987,2012,Guatemala,3.75,,Guatemala,70.0,False,False,True,Medium (60-75%),3.4166666666666665,Elite,3.321428571428572,66.1,True,Outstanding,Central America,0,Premium
Danta,Sambirano,987,2012,Guatemala,3.75,Trinitario,Madagascar,70.0,False,False,True,Medium (60-75%),3.4166666666666665,Elite,3.2655172413793103,63.3,True,Outstanding,Central America,0,Premium
Danta,Las Acacias E.,987,2012,Guatemala,4.0,Criollo,Guatemala,70.0,False,False,True,Medium (60-75%),3.4166666666666665,Elite,3.321428571428572,66.1,True,Outstanding,Central America,0,Premium
Danta,"Oscuro, Finca Chimelb",991,2012,Guatemala,3.25,,Guatemala,70.0,False,False,False,Medium (60-75%),3.4166666666666665,Elite,3.321428571428572,66.1,True,Good,Central America,0,Premium
Danta,Los Ujuxtes,661,2011,Guatemala,3.5,,Guatemala,60.0,False,False,True,Medium (60-75%),3.4166666666666665,Elite,3.321428571428572,66.1,True,Good,Central America,1,Mass Market
Danta,Las Acacias E.,423,2009,Guatemala,3.0,Criollo,Guatemala,75.0,False,False,False,Medium (60-75%),3.4166666666666665,Elite,3.321428571428572,66.1,True,Average,Central America,1,Mass Market
Danta,Las Acacias E.,423,2009,Guatemala,3.25,Criollo,Guatemala,60.0,False,False,False,Medium (60-75%),3.4166666666666665,Elite,3.321428571428572,66.1,True,Good,Central America,1,Mass Market
Dar,"Venezuela, Batch 122",1920,2016,USA,2.75,,Venezuela,72.0,False,False,False,Medium (60-75%),3.0,Standard,3.2453271028037385,62.3,True,Average,North America,0,Premium
Dar,Vietnam,1920,2016,USA,3.0,Trinitario,Vietnam,72.0,False,False,False,Medium (60-75%),3.0,Standard,3.3157894736842106,65.8,True,Average,North America,0,Premium
Dar,"Duo, Batch 002",1920,2016,USA,3.25,,"Ecuador, Costa Rica",70.0,False,False,False,Medium (60-75%),3.0,Standard,3.25,62.5,True,Good,North America,0,Premium
Dark Forest,Bolivia,1708,2016,USA,3.25,,Bolivia,75.0,False,False,False,Medium (60-75%),3.15,Standard,3.1973684210526314,59.9,False,Good,North America,0,Premium
Dark Forest,Madagascar,1550,2015,USA,3.0,Trinitario,Madagascar,70.0,False,False,False,Medium (60-75%),3.15,Standard,3.2655172413793103,63.3,True,Average,North America,0,Premium
Dark Forest,Ocumare,1550,2015,USA,3.25,,Venezuela,70.0,False,False,False,Medium (60-75%),3.15,Standard,3.2453271028037385,62.3,True,Good,North America,0,Premium
Dark Forest,Tanzania,1554,2015,USA,3.0,,Tanzania,70.0,False,False,False,Medium (60-75%),3.15,Standard,3.2058823529411766,60.3,False,Average,North America,0,Premium
Dark Forest,Ecuador,1554,2015,USA,3.25,,Ecuador,70.0,False,False,False,Medium (60-75%),3.15,Standard,3.134715025906736,56.7,False,Good,North America,0,Premium
Davis,Ghana,1093,2013,USA,2.5,Forastero,Ghana,70.0,False,False,False,Medium (60-75%),2.8125,Low-Rated,3.090909090909091,54.5,False,Below Average,North America,2,Experimental
Davis,Rainforest,1093,2013,USA,2.75,,Dominican Republic,70.0,False,False,False,Medium (60-75%),2.8125,Low-Rated,3.2063253012048194,60.3,False,Average,North America,0,Premium
Davis,Venezuela,1093,2013,USA,2.75,,Venezuela,70.0,False,False,False,Medium (60-75%),2.8125,Low-Rated,3.2453271028037385,62.3,True,Average,North America,0,Premium
Davis,West Africa,907,2012,USA,3.25,Forastero,West Africa,58.0,False,False,False,Low (<60%),2.8125,Low-Rated,2.583333333333333,29.2,False,Good,North America,1,Mass Market
De Mendes,"Nativo, Varzea",1462,2015,Brazil,3.5,,Brazil,72.0,False,False,True,Medium (60-75%),3.5,Elite,3.284482758620689,64.2,True,Good,South America,0,Premium
De Mendes,"Selvagem, Jari",1462,2015,Brazil,3.5,,Brazil,65.0,False,False,True,Medium (60-75%),3.5,Elite,3.284482758620689,64.2,True,Good,South America,0,Premium
De Villiers,Bundibugyo District,1832,2016,South Africa,2.5,Forastero,Uganda,70.0,False,False,False,Medium (60-75%),2.75,Low-Rated,2.8125,40.6,False,Below Average,Africa,0,Premium
De Villiers,"Sambirano Valley, Batch 2477",1832,2016,South Africa,3.0,,Madagascar,70.0,False,False,False,Medium (60-75%),2.75,Low-Rated,3.2655172413793103,63.3,True,Average,Africa,0,Premium
Dean And Deluca (Belcolade),Madagascar,170,2007,USA,2.5,Trinitario,Madagascar,66.0,False,False,False,Medium (60-75%),2.9166666666666665,Low-Rated,3.2655172413793103,63.3,True,Below Average,North America,1,Mass Market
Dean And Deluca (Belcolade),Costa Rica,175,2007,USA,3.0,,Costa Rica,64.0,False,False,False,Medium (60-75%),2.9166666666666665,Low-Rated,3.1447368421052637,57.2,False,Average,North America,1,Mass Market
Dean And Deluca (Belcolade),Ecuador,175,2007,USA,3.0,,Ecuador,71.0,False,False,False,Medium (60-75%),2.9166666666666665,Low-Rated,3.134715025906736,56.7,False,Average,North America,1,Mass Market
Dean And Deluca (Belcolade),Ghana,175,2007,USA,3.0,Forastero,Ghana,60.0,False,False,False,Medium (60-75%),2.9166666666666665,Low-Rated,3.090909090909091,54.5,False,Average,North America,1,Mass Market
Dean And Deluca (Belcolade),Papua New Guinea,180,2007,USA,3.0,,Papua New Guinea,64.0,False,False,False,Medium (60-75%),2.9166666666666665,Low-Rated,3.2916666666666665,64.6,True,Average,North America,1,Mass Market
Dean And Deluca (Belcolade),Peru,180,2007,USA,3.0,,Peru,64.0,False,False,False,Medium (60-75%),2.9166666666666665,Low-Rated,3.137878787878788,56.9,False,Average,North America,1,Mass Market
Debauve & Gallais (Michel Cluizel),Papua New Guinea,423,2009,France,3.0,,Papua New Guinea,64.0,False,False,False,Medium (60-75%),3.375,Standard,3.2916666666666665,64.6,True,Average,Europe,1,Mass Market
Debauve & Gallais (Michel Cluizel),Venezuela,263,2008,France,3.75,,Venezuela,66.0,False,False,True,Medium (60-75%),3.375,Standard,3.2453271028037385,62.3,True,Outstanding,Europe,1,Mass Market
Desbarres,"Kilombero, Batch 41",1916,2016,Canada,2.5,,Tanzania,72.0,False,False,False,Medium (60-75%),2.5,Low-Rated,3.2058823529411766,60.3,False,Below Average,North America,2,Experimental
Devries,Bolivian,241,2008,USA,2.75,,Bolivia,80.0,False,False,False,High (>75%),3.25,Standard,3.1973684210526314,59.9,False,Average,North America,2,Experimental
Devries,Costa Rica,166,2007,USA,3.5,Trinitario,Costa Rica,77.0,False,False,True,High (>75%),3.25,Standard,3.1447368421052637,57.2,False,Good,North America,1,Mass Market
Devries,Dominican Republic,166,2007,USA,3.5,,Dominican Republic,77.0,False,False,True,High (>75%),3.25,Standard,3.2063253012048194,60.3,False,Good,North America,1,Mass Market
Dick Taylor,Lanquin Estate,1952,2017,USA,3.75,,Guatemala,70.0,False,False,True,Medium (60-75%),3.1923076923076925,Standard,3.321428571428572,66.1,True,Outstanding,North America,0,Premium
Dick Taylor,Tien Giang,1864,2016,USA,3.5,Trinitario,Vietnam,78.0,False,False,True,High (>75%),3.1923076923076925,Standard,3.3157894736842106,65.8,True,Good,North America,0,Premium
Dick Taylor,"Alto Beni, Wild Harvest, Limited Ed.",1634,2015,USA,3.75,,Bolivia,70.0,False,False,True,Medium (60-75%),3.1923076923076925,Standard,3.1973684210526314,59.9,False,Outstanding,North America,0,Premium
Dick Taylor,Elvesia,1235,2014,USA,3.5,,Dominican Republic,74.0,False,False,True,Medium (60-75%),3.1923076923076925,Standard,3.2063253012048194,60.3,False,Good,North America,0,Premium
Dick Taylor,"Ecuador, Choc. Garage Exclusive",1034,2013,USA,3.25,,Ecuador,70.0,False,False,False,Medium (60-75%),3.1923076923076925,Standard,3.134715025906736,56.7,False,Good,North America,0,Premium
Dick Taylor,Camino Verde,1193,2013,USA,3.5,,Ecuador,76.0,False,False,True,High (>75%),3.1923076923076925,Standard,3.134715025906736,56.7,False,Good,North America,0,Premium
Dick Taylor,Bolivia,895,2012,USA,2.75,,Bolivia,75.0,False,False,False,Medium (60-75%),3.1923076923076925,Standard,3.1973684210526314,59.9,False,Average,North America,2,Experimental
Dick Taylor,Belize,955,2012,USA,2.75,Trinitario,Belize,72.0,False,False,False,Medium (60-75%),3.1923076923076925,Standard,3.2346938775510203,61.7,False,Average,North America,2,Experimental
Dick Taylor,Sambirano,661,2011,USA,2.75,Trinitario,Madagascar,80.0,False,False,False,High (>75%),3.1923076923076925,Standard,3.2655172413793103,63.3,True,Average,North America,2,Experimental
Dick Taylor,Sambirano,661,2011,USA,3.0,Trinitario,Madagascar,72.0,False,False,False,Medium (60-75%),3.1923076923076925,Standard,3.2655172413793103,63.3,True,Average,North America,1,Mass Market
Dick Taylor,Mantuano,682,2011,USA,2.75,Criollo,Venezuela,75.0,False,False,False,Medium (60-75%),3.1923076923076925,Standard,3.2453271028037385,62.3,True,Average,North America,2,Experimental
Dick Taylor,La Red,769,2011,USA,3.0,,Dominican Republic,74.0,False,False,False,Medium (60-75%),3.1923076923076925,Standard,3.2063253012048194,60.3,False,Average,North America,2,Experimental
Dick Taylor,Ecuador,769,2011,USA,3.25,,Ecuador,70.0,False,False,False,Medium (60-75%),3.1923076923076925,Standard,3.134715025906736,56.7,False,Good,North America,1,Mass Market
Doble & Bignall,Puerto Cabello,1688,2015,U.K.,3.0,,Venezuela,85.0,False,False,False,High (>75%),3.25,Standard,3.2453271028037385,62.3,True,Average,Other,2,Experimental
Doble & Bignall,"Panama, Raven",1371,2014,U.K.,3.25,,Panama,72.0,False,False,False,Medium (60-75%),3.25,Standard,3.1785714285714284,58.9,False,Good,Other,0,Premium
Doble & Bignall,"Puerto Cabello, Mantuano",1371,2014,U.K.,3.25,Trinitario,Venezuela,72.0,False,False,False,Medium (60-75%),3.25,Standard,3.2453271028037385,62.3,True,Good,Other,0,Premium
Doble & Bignall,Johe,1407,2014,U.K.,3.5,"Criollo, Trinitario",Nicaragua,72.0,False,False,True,Medium (60-75%),3.25,Standard,3.2,60.0,False,Good,Other,0,Premium
Dole (Guittard),"O'Ahu, N. Shore, Waialua Estate",311,2009,USA,3.75,,Hawaii,70.0,False,False,True,Medium (60-75%),3.75,Elite,3.2142857142857144,60.7,False,Outstanding,North America,1,Mass Market
Dolfin (Belcolade),Africa,304,2008,Belgium,3.0,Forastero,West Africa,88.0,False,False,False,High (>75%),2.25,Low-Rated,2.583333333333333,29.2,False,Average,Europe,2,Experimental
Dolfin (Belcolade),Noir,63,2006,Belgium,1.5,,,70.0,False,False,False,Medium (60-75%),2.25,Low-Rated,,,False,Poor,Europe,2,Experimental
Domori,Hacienda Victoria,1672,2015,Italy,3.75,,Ecuador,70.0,False,False,True,Medium (60-75%),3.477272727272727,Elite,3.134715025906736,56.7,False,Outstanding,Europe,0,Premium
Domori,Ocumare 77,1672,2015,Italy,3.75,Criollo (Ocumare 77),Venezuela,70.0,False,False,True,Medium (60-75%),3.477272727272727,Elite,3.2453271028037385,62.3,True,Outstanding,Europe,0,Premium
Domori,"Il100, H. San Jose",1109,2013,Italy,3.0,Criollo,Venezuela,100.0,False,True,False,High (>75%),3.477272727272727,Elite,3.2453271028037385,62.3,True,Average,Europe,2,Experimental
Domori,Morogoro,863,2012,Italy,3.5,,Tanzania,70.0,False,False,True,Medium (60-75%),3.477272727272727,Elite,3.2058823529411766,60.3,False,Good,Europe,0,Premium
Domori,Guasare,863,2012,Italy,3.75,Criollo,Venezuela,70.0,False,False,True,Medium (60-75%),3.477272727272727,Elite,3.2453271028037385,62.3,True,Outstanding,Europe,0,Premium
Domori,"Canoabo, Hacienda San Jose",693,2011,Italy,3.5,Criollo,Venezuela,70.0,False,False,True,Medium (60-75%),3.477272727272727,Elite,3.2453271028037385,62.3,True,Good,Europe,1,Mass Market
Domori,"Chuao, Hacienda San Jose",470,2010,Italy,3.0,Trinitario,Venezuela,70.0,False,False,False,Medium (60-75%),3.477272727272727,Elite,3.2453271028037385,62.3,True,Average,Europe,1,Mass Market
Domori,"Carupano, H. San Jose",227,2008,Italy,3.0,Trinitario,Venezuela,70.0,False,False,False,Medium (60-75%),3.477272727272727,Elite,3.2453271028037385,62.3,True,Average,Europe,1,Mass Market
Domori,Teyuna,272,2008,Italy,3.0,,Colombia,70.0,False,False,False,Medium (60-75%),3.477272727272727,Elite,3.225,61.3,False,Average,Europe,1,Mass Market
Domori,Blend No. 1,272,2008,Italy,3.5,Blend,,78.0,False,False,True,High (>75%),3.477272727272727,Elite,,,False,Good,Europe,1,Mass Market
Domori,Ilblend,272,2008,Italy,3.75,Blend,,70.0,False,False,True,Medium (60-75%),3.477272727272727,Elite,,,False,Outstanding,Europe,1,Mass Market
Domori,Porcelana,111,2007,Italy,4.0,Criollo (Porcelana),Venezuela,70.0,False,False,True,Medium (60-75%),3.477272727272727,Elite,3.2453271028037385,62.3,True,Outstanding,Europe,1,Mass Market
Domori,"Ocumare 61, Puertomar",129,2007,Italy,3.25,Criollo (Ocumare 61),Venezuela,75.0,False,False,False,Medium (60-75%),3.477272727272727,Elite,3.2453271028037385,62.3,True,Good,Europe,1,Mass Market
Domori,Granella,135,2007,Italy,3.25,Trinitario,Venezuela,60.0,False,False,False,Medium (60-75%),3.477272727272727,Elite,3.2453271028037385,62.3,True,Good,Europe,1,Mass Market
Domori,Madagascar,135,2007,Italy,3.5,Trinitario,Madagascar,70.0,False,False,True,Medium (60-75%),3.477272727272727,Elite,3.2655172413793103,63.3,True,Good,Europe,1,Mass Market
Domori,Madagared,192,2007,Italy,3.5,Criollo,Madagascar,70.0,False,False,True,Medium (60-75%),3.477272727272727,Elite,3.2655172413793103,63.3,True,Good,Europe,1,Mass Market
Domori,"Java, Javablond",192,2007,Italy,3.75,Criollo,Indonesia,70.0,False,False,True,Medium (60-75%),3.477272727272727,Elite,3.1875,59.4,False,Outstanding,Europe,1,Mass Market
Domori,Ecuador,192,2007,Italy,4.0,Forastero (Arriba),Ecuador,70.0,False,False,True,Medium (60-75%),3.477272727272727,Elite,3.134715025906736,56.7,False,Outstanding,Europe,1,Mass Market
Domori,"Ocumare 67, Puertofino",192,2007,Italy,4.0,Criollo (Ocumare 67),Venezuela,70.0,False,False,True,Medium (60-75%),3.477272727272727,Elite,3.2453271028037385,62.3,True,Outstanding,Europe,1,Mass Market
Domori,Sur Del Lago Classificado,87,2006,Italy,3.0,Trinitario,Venezuela,70.0,False,False,False,Medium (60-75%),3.477272727272727,Elite,3.2453271028037385,62.3,True,Average,Europe,1,Mass Market
Domori,Apurimac,87,2006,Italy,3.25,Trinitario,Peru,70.0,False,False,False,Medium (60-75%),3.477272727272727,Elite,3.137878787878788,56.9,False,Good,Europe,1,Mass Market
Domori,Carenero Superior,87,2006,Italy,3.5,Trinitario,Venezuela,70.0,False,False,True,Medium (60-75%),3.477272727272727,Elite,3.2453271028037385,62.3,True,Good,Europe,1,Mass Market
Dormouse,Non Pariel Estate,1880,2016,U.K.,2.75,Trinitario,Grenada,75.0,False,False,False,Medium (60-75%),2.6875,Low-Rated,3.026315789473684,51.3,False,Average,Other,0,Premium
Dormouse,"Rio Caribe, Batch 7",1672,2015,U.K.,2.5,Trinitario,Venezuela,70.0,False,False,False,Medium (60-75%),2.6875,Low-Rated,3.2453271028037385,62.3,True,Below Average,Other,0,Premium
Dormouse,"Colombia, Batch 9",1676,2015,U.K.,2.75,"Criollo, Trinitario",Colombia,80.0,False,False,False,High (>75%),2.6875,Low-Rated,3.225,61.3,False,Average,Other,2,Experimental
Dormouse,"Madagascar, Batch 8",1676,2015,U.K.,2.75,"Criollo, Trinitario",Madagascar,77.0,False,False,False,High (>75%),2.6875,Low-Rated,3.2655172413793103,63.3,True,Average,Other,2,Experimental
Duffy'S,"Rio Dulce, Xoco",1662,2015,U.K.,4.0,Criollo,Guatemala,70.0,False,False,True,Medium (60-75%),3.5,Elite,3.321428571428572,66.1,True,Outstanding,Other,0,Premium
Duffy'S,"Chuno, Xoco",1331,2014,U.K.,3.5,Criollo,Nicaragua,70.0,False,False,True,Medium (60-75%),3.5,Elite,3.2,60.0,False,Good,Other,0,Premium
Duffy'S,"Rico Rugoso, Xoco",1331,2014,U.K.,3.75,Criollo,Nicaragua,76.0,False,False,True,High (>75%),3.5,Elite,3.2,60.0,False,Outstanding,Other,0,Premium
Duffy'S,Ocumare,923,2012,U.K.,3.75,,Venezuela,72.0,False,False,True,Medium (60-75%),3.5,Elite,3.2453271028037385,62.3,True,Outstanding,Other,0,Premium
Duffy'S,"Indio Rojo, Xoco",623,2011,U.K.,3.75,Criollo,Honduras,72.0,False,False,True,Medium (60-75%),3.5,Elite,3.35,67.5,True,Outstanding,Other,1,Mass Market
Duffy'S,Dominican Republic,661,2011,U.K.,3.5,,Dominican Republic,65.0,False,False,True,Medium (60-75%),3.5,Elite,3.2063253012048194,60.3,False,Good,Other,1,Mass Market
Duffy'S,"Bocas Del Toro, Tierra Oscura",697,2011,U.K.,3.0,,Panama,72.0,False,False,False,Medium (60-75%),3.5,Elite,3.1785714285714284,58.9,False,Average,Other,1,Mass Market
Duffy'S,"Nicaliso, Xoco",697,2011,U.K.,3.25,Criollo,Nicaragua,71.0,False,False,False,Medium (60-75%),3.5,Elite,3.2,60.0,False,Good,Other,1,Mass Market
Duffy'S,Ocumare,765,2011,U.K.,3.5,,Venezuela,71.0,False,False,True,Medium (60-75%),3.5,Elite,3.2453271028037385,62.3,True,Good,Other,1,Mass Market
Duffy'S,Panama,516,2010,U.K.,3.5,,Panama,70.0,False,False,True,Medium (60-75%),3.5,Elite,3.1785714285714284,58.9,False,Good,Other,1,Mass Market
Duffy'S,"Corazon Del Ecuador, Calceta Beans",516,2010,U.K.,3.75,,Ecuador,72.0,False,False,True,Medium (60-75%),3.5,Elite,3.134715025906736,56.7,False,Outstanding,Other,1,Mass Market
Duffy'S,Star Of Ecuador,523,2010,U.K.,2.5,,Ecuador,70.0,False,False,False,Medium (60-75%),3.5,Elite,3.134715025906736,56.7,False,Below Average,Other,2,Experimental
Duffy'S,Star Of Peru,523,2010,U.K.,3.75,,Peru,70.0,False,False,True,Medium (60-75%),3.5,Elite,3.137878787878788,56.9,False,Outstanding,Other,1,Mass Market
Dulcinea,Dominican Republic,1506,2015,USA,3.25,,Dominican Republic,70.0,False,False,False,Medium (60-75%),3.25,Standard,3.2063253012048194,60.3,False,Good,North America,0,Premium
Durand,Madagascar,841,2012,France,2.75,Trinitario,Madagascar,82.0,False,False,False,High (>75%),2.75,Low-Rated,3.2655172413793103,63.3,True,Average,Europe,2,Experimental
Durci,"Maranon, Joya Rara",1626,2015,USA,3.5,Forastero (Nacional),Peru,70.0,False,False,True,Medium (60-75%),3.5,Elite,3.137878787878788,56.9,False,Good,North America,0,Premium
Durci,"Rio Caribe, Tepui Treasure",1626,2015,USA,3.5,Trinitario,Venezuela,70.0,False,False,True,Medium (60-75%),3.5,Elite,3.2453271028037385,62.3,True,Good,North America,0,Premium
Durci,Taino Secret,1630,2015,USA,3.25,,Dominican Republic,70.0,False,False,False,Medium (60-75%),3.5,Elite,3.2063253012048194,60.3,False,Good,North America,0,Premium
Durci,"Carenero, Empyrean Sabor",1630,2015,USA,3.25,Trinitario,Venezuela,70.0,False,False,False,Medium (60-75%),3.5,Elite,3.2453271028037385,62.3,True,Good,North America,0,Premium
Durci,Corona Arriba,1630,2015,USA,4.0,,Ecuador,70.0,False,False,True,Medium (60-75%),3.5,Elite,3.134715025906736,56.7,False,Outstanding,North America,0,Premium
East Van Roasters,Peru,1343,2014,Canada,3.25,,Peru,70.0,False,False,False,Medium (60-75%),3.5,Elite,3.137878787878788,56.9,False,Good,North America,0,Premium
East Van Roasters,Madagascar,1343,2014,Canada,3.5,Trinitario,Madagascar,70.0,False,False,True,Medium (60-75%),3.5,Elite,3.2655172413793103,63.3,True,Good,North America,0,Premium
East Van Roasters,Dominican Republic,1343,2014,Canada,3.75,,Dominican Republic,70.0,False,False,True,Medium (60-75%),3.5,Elite,3.2063253012048194,60.3,False,Outstanding,North America,0,Premium
Eau De Rose,Tumaco,1812,2016,Canada,3.25,,Colombia,70.0,False,False,False,Medium (60-75%),3.25,Standard,3.225,61.3,False,Good,North America,0,Premium
Eau De Rose,Arauca,1812,2016,Canada,3.25,,Colombia,70.0,False,False,False,Medium (60-75%),3.25,Standard,3.225,61.3,False,Good,North America,0,Premium
Eclat (Felchlin),"Maranon, Good & Evil, W/ Nibs",919,2012,USA,2.75,Forastero (Nacional),Peru,72.0,False,False,False,Medium (60-75%),2.75,Low-Rated,3.137878787878788,56.9,False,Average,North America,2,Experimental
Edelmond,Porcelana,1876,2016,Germany,3.0,Criollo,Venezuela,68.0,False,False,False,Medium (60-75%),3.0,Standard,3.2453271028037385,62.3,True,Average,Europe,0,Premium
El Ceibo,"Alto Beni, Covendo Region",709,2011,Bolivia,3.75,,Bolivia,75.0,False,False,True,Medium (60-75%),3.25,Standard,3.1973684210526314,59.9,False,Outstanding,South America,1,Mass Market
El Ceibo,Alto Beni,252,2008,Bolivia,2.75,,Bolivia,71.0,False,False,False,Medium (60-75%),3.25,Standard,3.1973684210526314,59.9,False,Average,South America,1,Mass Market
El Rey,San Joaquin,1662,2015,Venezuela,3.75,,Venezuela,70.0,False,False,True,Medium (60-75%),2.892857142857143,Low-Rated,3.2453271028037385,62.3,True,Outstanding,South America,0,Premium
El Rey,"Rio Caribe, Cariaco",439,2009,Venezuela,2.75,Trinitario,Venezuela,60.5,False,False,False,Medium (60-75%),2.892857142857143,Low-Rated,3.2453271028037385,62.3,True,Average,South America,1,Mass Market
El Rey,"Rio Caribe, Macuro",439,2009,Venezuela,3.0,Trinitario,Venezuela,70.0,False,False,False,Medium (60-75%),2.892857142857143,Low-Rated,3.2453271028037385,62.3,True,Average,South America,1,Mass Market
El Rey,"Carenero Superior, Apamate",206,2008,Venezuela,2.5,Criollo,Venezuela,74.0,False,False,False,Medium (60-75%),2.892857142857143,Low-Rated,3.2453271028037385,62.3,True,Below Average,South America,2,Experimental
El Rey,"Carenero Superior, Bucare",206,2008,Venezuela,2.5,Criollo,Venezuela,58.0,False,False,False,Low (<60%),2.892857142857143,Low-Rated,3.2453271028037385,62.3,True,Below Average,South America,1,Mass Market
El Rey,"Carenero Superior, Mijao",206,2008,Venezuela,3.0,Criollo,Venezuela,61.0,False,False,False,Medium (60-75%),2.892857142857143,Low-Rated,3.2453271028037385,62.3,True,Average,South America,1,Mass Market
El Rey,"Carenero Superior, Gran Saman",32,2006,Venezuela,2.75,Criollo,Venezuela,70.0,False,False,False,Medium (60-75%),2.892857142857143,Low-Rated,3.2453271028037385,62.3,True,Average,South America,1,Mass Market
Emerald Estate,Emerald Estate,1137,2013,St. Lucia,2.75,,St. Lucia,60.0,False,False,False,Medium (60-75%),3.0,Standard,2.96875,48.4,False,Average,Caribbean,0,Premium
Emerald Estate,Emerald Estate,1137,2013,St. Lucia,3.25,,St. Lucia,70.0,False,False,False,Medium (60-75%),3.0,Standard,2.96875,48.4,False,Good,Caribbean,0,Premium
Emily'S,Patanemo,1450,2015,Japan,3.0,,Venezuela,79.0,False,False,False,High (>75%),3.25,Standard,3.2453271028037385,62.3,True,Average,Asia-Pacific,2,Experimental
Emily'S,Peru,1454,2015,Japan,3.5,Criollo,Peru,78.0,False,False,True,High (>75%),3.25,Standard,3.137878787878788,56.9,False,Good,Asia-Pacific,0,Premium
Enna,"Wampusirpi, Batch 007",1916,2016,USA,3.25,,Honduras,75.0,False,False,False,Medium (60-75%),3.25,Standard,3.35,67.5,True,Good,North America,0,Premium
Enric Rovira (Claudio Corallo),Terreiro Velho P.,565,2010,Spain,3.25,Forastero,Sao Tome & Principe,80.0,False,False,False,High (>75%),3.25,Standard,3.1785714285714284,58.9,False,Good,Europe,2,Experimental
Erithaj (A. Morin),Ben Tre,1205,2014,France,3.25,Trinitario,Vietnam,70.0,False,False,False,Medium (60-75%),3.1666666666666665,Standard,3.3157894736842106,65.8,True,Good,Europe,0,Premium
Erithaj (A. Morin),Ham Luong,1209,2014,France,3.0,Trinitario,Vietnam,80.0,False,False,False,High (>75%),3.1666666666666665,Standard,3.3157894736842106,65.8,True,Average,Europe,2,Experimental
Erithaj (A. Morin),Ba Lai,1209,2014,France,3.25,Trinitario,Vietnam,74.0,False,False,False,Medium (60-75%),3.1666666666666665,Standard,3.3157894736842106,65.8,True,Good,Europe,0,Premium
Escazu,Rio Caribe,903,2012,USA,2.75,Trinitario,Venezuela,70.0,False,False,False,Medium (60-75%),2.8,Low-Rated,3.2453271028037385,62.3,True,Average,North America,2,Experimental
Escazu,Guapiles,414,2009,USA,2.0,,Costa Rica,65.0,False,False,False,Medium (60-75%),2.8,Low-Rated,3.1447368421052637,57.2,False,Below Average,North America,2,Experimental
Escazu,Carenero Superior,423,2009,USA,3.5,Criollo,Venezuela,81.0,False,False,True,High (>75%),2.8,Low-Rated,3.2453271028037385,62.3,True,Good,North America,1,Mass Market
Escazu,"Carenero, Guapiles, Ocumare Blend",431,2009,USA,2.75,,"Cost Rica, Ven",74.0,False,False,False,Medium (60-75%),2.8,Low-Rated,2.75,37.5,False,Average,North America,2,Experimental
Escazu,Ocumare,252,2008,USA,3.0,Criollo,Venezuela,72.0,False,False,False,Medium (60-75%),2.8,Low-Rated,3.2453271028037385,62.3,True,Average,North America,1,Mass Market
Ethel'S Artisan (Mars),"Peru, Madagascar",666,2011,USA,2.5,,"Peru, Madagascar",55.0,False,False,False,Low (<60%),2.55,Low-Rated,2.5,25.0,False,Below Average,North America,1,Mass Market
Ethel'S Artisan (Mars),Trinidad,666,2011,USA,2.5,Trinitario,Trinidad,55.0,False,False,False,Low (<60%),2.55,Low-Rated,3.2045454545454546,60.2,False,Below Average,North America,1,Mass Market
Ethel'S Artisan (Mars),Porcelana,666,2011,USA,2.5,Criollo (Porcelana),Venezuela,70.0,False,False,False,Medium (60-75%),2.55,Low-Rated,3.2453271028037385,62.3,True,Below Average,North America,2,Experimental
Ethel'S Artisan (Mars),Red Vanilla,666,2011,USA,2.75,,,62.0,False,False,False,Medium (60-75%),2.55,Low-Rated,,,False,Average,North America,1,Mass Market
Ethel'S Artisan (Mars),"Venezuela, Trinidad",672,2011,USA,2.5,,"Venezuela, Trinidad",62.0,False,False,False,Medium (60-75%),2.55,Low-Rated,2.5,25.0,False,Below Average,North America,1,Mass Market
Ethereal,Belize,1275,2014,USA,3.0,Trinitario,Belize,80.0,False,False,False,High (>75%),3.4166666666666665,Elite,3.2346938775510203,61.7,False,Average,North America,2,Experimental
Ethereal,Ecuador,1275,2014,USA,3.5,,Ecuador,80.0,False,False,True,High (>75%),3.4166666666666665,Elite,3.134715025906736,56.7,False,Good,North America,0,Premium
Ethereal,Dominican Republic,1275,2014,USA,3.75,,Dominican Republic,80.0,False,False,True,High (>75%),3.4166666666666665,Elite,3.2063253012048194,60.3,False,Outstanding,North America,0,Premium
Fearless (Amma),"Monte Alegre, D. Badaro, Raw, Organic",565,2010,USA,2.75,,Brazil,75.0,False,False,False,Medium (60-75%),2.75,Low-Rated,3.284482758620689,64.2,True,Average,North America,2,Experimental
Feitoria Cacao,Blue Mountain,1732,2016,Portugal,3.0,,Jamaica,76.0,False,False,False,High (>75%),2.75,Low-Rated,3.1625,58.1,False,Average,Europe,0,Premium
Feitoria Cacao,Cuyagua,1736,2016,Portugal,2.5,,Venezuela,76.0,False,False,False,High (>75%),2.75,Low-Rated,3.2453271028037385,62.3,True,Below Average,Europe,2,Experimental
Feitoria Cacao,Maya Mountain,1736,2016,Portugal,2.75,Trinitario,Belize,76.0,False,False,False,High (>75%),2.75,Low-Rated,3.2346938775510203,61.7,False,Average,Europe,2,Experimental
Felchlin,Grenada,494,2010,Switzerland,3.5,Trinitario,Grenada,58.0,False,False,True,Low (<60%),3.142857142857143,Standard,3.026315789473684,51.3,False,Good,Europe,1,Mass Market
Felchlin,Supremo- Sf,105,2006,Switzerland,2.0,,,62.0,False,False,False,Medium (60-75%),3.142857142857143,Standard,,,False,Below Average,Europe,1,Mass Market
Felchlin,Elvesia P.,105,2006,Switzerland,3.0,"Trinitario, Criollo",Dominican Republic,74.0,False,False,False,Medium (60-75%),3.142857142857143,Standard,3.2063253012048194,60.3,False,Average,Europe,1,Mass Market
Felchlin,"Madagascar, Grand Cru",48,2006,Switzerland,3.0,Criollo,Madagascar,64.0,False,False,False,Medium (60-75%),3.142857142857143,Standard,3.2655172413793103,63.3,True,Average,Europe,1,Mass Market
Felchlin,Maracaibo Clasificado,48,2006,Switzerland,3.0,Criollo,Venezuela,65.0,False,False,False,Medium (60-75%),3.142857142857143,Standard,3.2453271028037385,62.3,True,Average,Europe,1,Mass Market
Felchlin,Arriba,48,2006,Switzerland,3.5,Forastero (Arriba),Ecuador,72.0,False,False,True,Medium (60-75%),3.142857142857143,Standard,3.134715025906736,56.7,False,Good,Europe,1,Mass Market
Felchlin,"Alto Beni, Cru Savage",56,2006,Switzerland,4.0,Criollo (Wild),Bolivia,68.0,False,False,True,Medium (60-75%),3.142857142857143,Standard,3.1973684210526314,59.9,False,Outstanding,Europe,1,Mass Market
Finca,Puerto Rico,1283,2014,USA,2.25,,Puerto Rico,65.0,False,False,False,Medium (60-75%),2.75,Low-Rated,2.5,25.0,False,Below Average,North America,0,Premium
Finca,Dominican Republic,1283,2014,USA,3.0,,Dominican Republic,80.0,False,False,False,High (>75%),2.75,Low-Rated,3.2063253012048194,60.3,False,Average,North America,2,Experimental
Finca,Dominican Republic,1283,2014,USA,3.25,,Dominican Republic,70.0,False,False,False,Medium (60-75%),2.75,Low-Rated,3.2063253012048194,60.3,False,Good,North America,0,Premium
Finca,Dominican Republic,1287,2014,USA,2.5,,Dominican Republic,85.0,False,False,False,High (>75%),2.75,Low-Rated,3.2063253012048194,60.3,False,Below Average,North America,2,Experimental
Forever Cacao,Rio Eni,1267,2014,U.K.,2.75,Criollo,Peru,72.0,False,False,False,Medium (60-75%),2.75,Low-Rated,3.137878787878788,56.9,False,Average,Other,0,Premium
Forteza (Cortes),Dominican Republic,1776,2016,Puerto Rico,2.75,,Dominican Republic,70.0,False,False,False,Medium (60-75%),2.75,Low-Rated,3.2063253012048194,60.3,False,Average,Other,0,Premium
Forteza (Cortes),Puerto Rico,1776,2016,Puerto Rico,2.75,,Dominican Republic,80.0,False,False,False,High (>75%),2.75,Low-Rated,3.2063253012048194,60.3,False,Average,Other,2,Experimental
Fossa,"Akesson'S E., Sambirano V.",1772,2016,Singapore,2.75,,Madagascar,70.0,False,False,False,Medium (60-75%),3.333333333333333,Standard,3.2655172413793103,63.3,True,Average,Other,0,Premium
Fossa,"Camino Verde P., Balao, Guayas",1776,2016,Singapore,3.5,,Ecuador,75.0,False,False,True,Medium (60-75%),3.333333333333333,Standard,3.134715025906736,56.7,False,Good,Other,0,Premium
Fossa,"Kokoa Kamili Coop, Kilombero",1776,2016,Singapore,3.75,Trinitario,Tanzania,67.0,False,False,True,Medium (60-75%),3.333333333333333,Standard,3.2058823529411766,60.3,False,Outstanding,Other,0,Premium
Franceschi,Choroni,1355,2014,Venezuela,3.5,,Venezuela,70.0,False,False,True,Medium (60-75%),3.625,Elite,3.2453271028037385,62.3,True,Good,South America,0,Premium
Franceschi,Ocumare,1355,2014,Venezuela,3.75,,Venezuela,70.0,False,False,True,Medium (60-75%),3.625,Elite,3.2453271028037385,62.3,True,Outstanding,South America,0,Premium
Franceschi,Canoabo,911,2012,Venezuela,3.75,,Venezuela,70.0,False,False,True,Medium (60-75%),3.625,Elite,3.2453271028037385,62.3,True,Outstanding,South America,0,Premium
Franceschi,Sur Del Lago,915,2012,Venezuela,3.5,,Venezuela,60.0,False,False,True,Medium (60-75%),3.625,Elite,3.2453271028037385,62.3,True,Good,South America,1,Mass Market
Frederic Blondeel,Costa Rica,1538,2015,Belgium,3.5,,Costa Rica,70.0,False,False,True,Medium (60-75%),3.4,Standard,3.1447368421052637,57.2,False,Good,Europe,0,Premium
Frederic Blondeel,Peru Brutus,1538,2015,Belgium,3.5,,Peru,75.0,False,False,True,Medium (60-75%),3.4,Standard,3.137878787878788,56.9,False,Good,Europe,0,Premium
Frederic Blondeel,Vietnam,1542,2015,Belgium,3.0,Trinitario,Vietnam,80.0,False,False,False,High (>75%),3.4,Standard,3.3157894736842106,65.8,True,Average,Europe,2,Experimental
Frederic Blondeel,Ghana,1351,2014,Belgium,3.5,Forastero,Ghana,60.0,False,False,True,Medium (60-75%),3.4,Standard,3.090909090909091,54.5,False,Good,Europe,0,Premium
Frederic Blondeel,Madagascar,1351,2014,Belgium,3.5,Trinitario,Madagascar,65.0,False,False,True,Medium (60-75%),3.4,Standard,3.2655172413793103,63.3,True,Good,Europe,0,Premium
French Broad,"Norandino, Batch 161208",1940,2017,USA,3.5,,Peru,70.0,False,False,True,Medium (60-75%),3.175,Standard,3.137878787878788,56.9,False,Good,North America,0,Premium
French Broad,Guatemala,1634,2015,USA,3.5,,Guatemala,73.0,False,False,True,Medium (60-75%),3.175,Standard,3.321428571428572,66.1,True,Good,North America,0,Premium
French Broad,San Andres,1209,2014,USA,3.0,,Costa Rica,80.0,False,False,False,High (>75%),3.175,Standard,3.1447368421052637,57.2,False,Average,North America,2,Experimental
French Broad,Matagalpa,1295,2014,USA,3.25,,Nicaragua,68.0,False,False,False,Medium (60-75%),3.175,Standard,3.2,60.0,False,Good,North America,0,Premium
French Broad,"Palo Blanco, Chulucanas",1042,2013,USA,3.5,,Peru,66.0,False,False,True,Medium (60-75%),3.175,Standard,3.137878787878788,56.9,False,Good,North America,0,Premium
French Broad,Tumbes Coop,883,2012,USA,2.5,Criollo,Peru,70.0,False,False,False,Medium (60-75%),3.175,Standard,3.137878787878788,56.9,False,Below Average,North America,2,Experimental
French Broad,"Palo Blanco, Chulucanas",883,2012,USA,3.5,,Peru,61.0,False,False,True,Medium (60-75%),3.175,Standard,3.137878787878788,56.9,False,Good,North America,1,Mass Market
French Broad,"Palo Blanco W/ Panela, Chulucanas",887,2012,USA,2.0,,Peru,81.0,False,False,False,High (>75%),3.175,Standard,3.137878787878788,56.9,False,Below Average,North America,2,Experimental
French Broad,"Maranon Canyon, Fortunato No. 4",781,2011,USA,3.5,Forastero (Nacional),Peru,70.0,False,False,True,Medium (60-75%),3.175,Standard,3.137878787878788,56.9,False,Good,North America,1,Mass Market
French Broad,La Red,785,2011,USA,3.5,,Dominican Republic,65.0,False,False,True,Medium (60-75%),3.175,Standard,3.2063253012048194,60.3,False,Good,North America,1,Mass Market
Fresco,"Maranon, #228, Mr, Sc",1383,2014,USA,3.0,Forastero (Nacional),Peru,70.0,False,False,False,Medium (60-75%),3.3846153846153846,Standard,3.137878787878788,56.9,False,Average,North America,0,Premium
Fresco,"Maranon, #227, Lr, Mc",1383,2014,USA,3.5,Forastero (Nacional),Peru,70.0,False,False,True,Medium (60-75%),3.3846153846153846,Standard,3.137878787878788,56.9,False,Good,North America,0,Premium
Fresco,"Maranon, #229, Mr, Lc",1383,2014,USA,3.5,Forastero (Nacional),Peru,70.0,False,False,True,Medium (60-75%),3.3846153846153846,Standard,3.137878787878788,56.9,False,Good,North America,0,Premium
Fresco,"Maranon, #230, Dr, Lc",1387,2014,USA,3.5,Forastero (Nacional),Peru,70.0,False,False,True,Medium (60-75%),3.3846153846153846,Standard,3.137878787878788,56.9,False,Good,North America,0,Premium
Fresco,"Conacado, #223, Mr, Sc",1030,2013,USA,3.25,,Dominican Republic,72.0,False,False,False,Medium (60-75%),3.3846153846153846,Standard,3.2063253012048194,60.3,False,Good,North America,0,Premium
Fresco,"Conacado, #224, Mr, Mc",1081,2013,USA,3.75,,Dominican Republic,72.0,False,False,True,Medium (60-75%),3.3846153846153846,Standard,3.2063253012048194,60.3,False,Outstanding,North America,0,Premium
Fresco,"San Martin, Bellavista Coop, #226, Dr, Mc",1117,2013,USA,3.75,,Peru,70.0,False,False,True,Medium (60-75%),3.3846153846153846,Standard,3.137878787878788,56.9,False,Outstanding,North America,0,Premium
Fresco,"Bellavista Coop, #225, Lr, Mc, Cg Exclusive",1149,2013,USA,4.0,Trinitario,Peru,70.0,False,False,True,Medium (60-75%),3.3846153846153846,Standard,3.137878787878788,56.9,False,Outstanding,North America,0,Premium
Fresco,"Markham Valley, #219, Lr, Mc",899,2012,USA,3.5,,Papua New Guinea,69.0,False,False,True,Medium (60-75%),3.3846153846153846,Standard,3.2916666666666665,64.6,True,Good,North America,0,Premium
Fresco,"Markham Valley, #221, Dr, Mc",899,2012,USA,3.5,,Papua New Guinea,69.0,False,False,True,Medium (60-75%),3.3846153846153846,Standard,3.2916666666666665,64.6,True,Good,North America,0,Premium
Fresco,"Sambirano Valley, #216, Mr, Lc",915,2012,USA,4.0,Trinitario,Madagascar,74.0,False,False,True,Medium (60-75%),3.3846153846153846,Standard,3.2655172413793103,63.3,True,Outstanding,North America,0,Premium
Fresco,"Markham Valley, #220, Mr, Mc",927,2012,USA,4.0,Trinitario,Papua New Guinea,69.0,False,False,True,Medium (60-75%),3.3846153846153846,Standard,3.2916666666666665,64.6,True,Outstanding,North America,0,Premium
Fresco,"Markham Valley, #222, Lr, 0C",931,2012,USA,3.0,Trinitario,Papua New Guinea,69.0,False,False,False,Medium (60-75%),3.3846153846153846,Standard,3.2916666666666665,64.6,True,Average,North America,0,Premium
Fresco,"Ghana, #211, Mr, Mc",636,2011,USA,2.75,Forastero,Ghana,74.0,False,False,False,Medium (60-75%),3.3846153846153846,Standard,3.090909090909091,54.5,False,Average,North America,2,Experimental
Fresco,"Jamaica, #209, Dr, Sc",642,2011,USA,3.25,Trinitario,Jamaica,70.0,False,False,False,Medium (60-75%),3.3846153846153846,Standard,3.1625,58.1,False,Good,North America,1,Mass Market
Fresco,"Conacado, #212, Lr, Sc",642,2011,USA,3.5,,Dominican Republic,72.0,False,False,True,Medium (60-75%),3.3846153846153846,Standard,3.2063253012048194,60.3,False,Good,North America,1,Mass Market
Fresco,"Jamaica, #210, Dr, Mc",642,2011,USA,3.5,Trinitario,Jamaica,70.0,False,False,True,Medium (60-75%),3.3846153846153846,Standard,3.1625,58.1,False,Good,North America,1,Mass Market
Fresco,"Sambirano Valley, #214, Lr, Mc",682,2011,USA,2.75,Trinitario,Madagascar,74.0,False,False,False,Medium (60-75%),3.3846153846153846,Standard,3.2655172413793103,63.3,True,Average,North America,2,Experimental
Fresco,"Conacado, #213, Dr, -C",682,2011,USA,3.25,,Dominican Republic,72.0,False,False,False,Medium (60-75%),3.3846153846153846,Standard,3.2063253012048194,60.3,False,Good,North America,1,Mass Market
Fresco,"Sambirano Valley, #215, Mr, Mc",688,2011,USA,3.0,Trinitario,Madagascar,74.0,False,False,False,Medium (60-75%),3.3846153846153846,Standard,3.2655172413793103,63.3,True,Average,North America,2,Experimental
Fresco,"Chuao, #218, Mr, Mc",745,2011,USA,3.25,Trinitario,Venezuela,76.0,False,False,False,High (>75%),3.3846153846153846,Standard,3.2453271028037385,62.3,True,Good,North America,1,Mass Market
Fresco,"Chuao, #217, Dr, Mc",745,2011,USA,4.0,Trinitario,Venezuela,70.0,False,False,True,Medium (60-75%),3.3846153846153846,Standard,3.2453271028037385,62.3,True,Outstanding,North America,1,Mass Market
Fresco,"Jamaica, #204, Dr, Sc",370,2009,USA,2.75,Trinitario,Jamaica,80.0,False,False,False,High (>75%),3.3846153846153846,Standard,3.1625,58.1,False,Average,North America,2,Experimental
Fresco,"Jamaica, #206, Dr, Lc",370,2009,USA,3.0,Trinitario,Jamaica,70.0,False,False,False,Medium (60-75%),3.3846153846153846,Standard,3.1625,58.1,False,Average,North America,1,Mass Market
Fresco,"Jamaica, #205, Dr, Mc",370,2009,USA,3.25,Trinitario,Jamaica,70.0,False,False,False,Medium (60-75%),3.3846153846153846,Standard,3.1625,58.1,False,Good,North America,1,Mass Market
Fresco,"Carenero Superior, #203, Mr, Sc",370,2009,USA,3.5,Criollo,Venezuela,65.0,False,False,True,Medium (60-75%),3.3846153846153846,Standard,3.2453271028037385,62.3,True,Good,North America,1,Mass Market
Friis Holm,"Rugoso, Bad Fermentation",1912,2016,Denmark,3.5,,Nicaragua,70.0,False,False,True,Medium (60-75%),3.5,Elite,3.2,60.0,False,Good,Europe,0,Premium
Friis Holm (Bonnat),La Dalia,1680,2015,Denmark,3.0,,Nicaragua,60.0,False,False,False,Medium (60-75%),3.3541666666666665,Standard,3.2,60.0,False,Average,Europe,0,Premium
Friis Holm (Bonnat),La Dalia,1680,2015,Denmark,3.25,,Nicaragua,85.0,False,False,False,High (>75%),3.3541666666666665,Standard,3.2,60.0,False,Good,Europe,2,Experimental
Friis Holm (Bonnat),La Dalia,1259,2014,Denmark,3.5,,Nicaragua,70.0,False,False,True,Medium (60-75%),3.3541666666666665,Standard,3.2,60.0,False,Good,Europe,0,Premium
Friis Holm (Bonnat),"Barba, Xoco",1034,2013,Denmark,3.25,,Nicaragua,70.0,False,False,False,Medium (60-75%),3.3541666666666665,Standard,3.2,60.0,False,Good,Europe,0,Premium
Friis Holm (Bonnat),"Medagla, Xoco",1034,2013,Denmark,3.5,,Nicaragua,70.0,False,False,True,Medium (60-75%),3.3541666666666665,Standard,3.2,60.0,False,Good,Europe,0,Premium
Friis Holm (Bonnat),"Chuno, Triple Turned, Xoco",895,2012,Denmark,3.25,"Criollo, Trinitario",Nicaragua,70.0,False,False,False,Medium (60-75%),3.3541666666666665,Standard,3.2,60.0,False,Good,Europe,0,Premium
Friis Holm (Bonnat),"Red Mayan, Xoco",899,2012,Denmark,3.25,"Criollo, Trinitario",Honduras,70.0,False,False,False,Medium (60-75%),3.3541666666666665,Standard,3.35,67.5,True,Good,Europe,0,Premium
Friis Holm (Bonnat),"Chuno, Double Turned, Xoco",899,2012,Denmark,3.25,"Criollo, Trinitario",Nicaragua,70.0,False,False,False,Medium (60-75%),3.3541666666666665,Standard,3.2,60.0,False,Good,Europe,0,Premium
Friis Holm (Bonnat),"Rugoso, Xoco",923,2012,Denmark,3.75,,Nicaragua,70.0,False,False,True,Medium (60-75%),3.3541666666666665,Standard,3.2,60.0,False,Outstanding,Europe,0,Premium
Friis Holm (Bonnat),"Johe, Xoco",623,2011,Denmark,3.25,"Criollo, Trinitario",Nicaragua,70.0,False,False,False,Medium (60-75%),3.3541666666666665,Standard,3.2,60.0,False,Good,Europe,1,Mass Market
Friis Holm (Bonnat),"Chuno, Xoco",623,2011,Denmark,3.5,"Criollo, Trinitario",Nicaragua,70.0,False,False,True,Medium (60-75%),3.3541666666666665,Standard,3.2,60.0,False,Good,Europe,1,Mass Market
Friis Holm (Bonnat),"Nicaliso, Xoco",623,2011,Denmark,3.5,"Criollo, Trinitario",Nicaragua,70.0,False,False,True,Medium (60-75%),3.3541666666666665,Standard,3.2,60.0,False,Good,Europe,1,Mass Market
Fruition,"Wild Bolivian, Batch 2",1780,2016,USA,3.75,Beniano,Bolivia,74.0,False,False,True,Medium (60-75%),3.333333333333333,Standard,3.1973684210526314,59.9,False,Outstanding,North America,0,Premium
Fruition,"Coto Brus, Heirloom, Batch 1",1780,2016,USA,4.0,Amazon Mix,Costa Rica,74.0,False,False,True,Medium (60-75%),3.333333333333333,Standard,3.1447368421052637,57.2,False,Outstanding,North America,0,Premium
Fruition,Gran Couva,1347,2014,USA,3.75,Trinitario,Trinidad,70.0,False,False,True,Medium (60-75%),3.333333333333333,Standard,3.2045454545454546,60.2,False,Outstanding,North America,0,Premium
Fruition,Maranon,1359,2014,USA,3.0,Forastero (Nacional),Peru,76.0,False,False,False,High (>75%),3.333333333333333,Standard,3.137878787878788,56.9,False,Average,North America,2,Experimental
Fruition,La Red,1046,2013,USA,3.75,,Dominican Republic,70.0,False,False,True,Medium (60-75%),3.333333333333333,Standard,3.2063253012048194,60.3,False,Outstanding,North America,0,Premium
Fruition,Camino Verde,1185,2013,USA,3.0,,Ecuador,75.0,False,False,False,Medium (60-75%),3.333333333333333,Standard,3.134715025906736,56.7,False,Average,North America,2,Experimental
Fruition,Peru,863,2012,USA,2.5,,Peru,70.0,False,False,False,Medium (60-75%),3.333333333333333,Standard,3.137878787878788,56.9,False,Below Average,North America,2,Experimental
Fruition,Signature Blend,753,2011,USA,3.25,Trinitario,Costa Rica,66.0,False,False,False,Medium (60-75%),3.333333333333333,Standard,3.1447368421052637,57.2,False,Good,North America,1,Mass Market
Fruition,Costa Rica,781,2011,USA,3.0,,Costa Rica,70.0,False,False,False,Medium (60-75%),3.333333333333333,Standard,3.1447368421052637,57.2,False,Average,North America,1,Mass Market
Garden Island,"Kaua'I, Alea Estate +World",1367,2014,USA,2.5,Blend,Hawaii,85.0,False,False,False,High (>75%),2.5,Low-Rated,3.2142857142857144,60.7,False,Below Average,North America,2,Experimental
Georgia Ramon,Akesson P.,1642,2015,Germany,3.25,Trinitario,Madagascar,65.0,False,False,False,Medium (60-75%),3.55,Elite,3.2655172413793103,63.3,True,Good,Europe,0,Premium
Georgia Ramon,Abocfa Coop,1642,2015,Germany,4.0,Forastero,Ghana,70.0,False,False,True,Medium (60-75%),3.55,Elite,3.090909090909091,54.5,False,Outstanding,Europe,0,Premium
Georgia Ramon,Conacado Coop,1646,2015,Germany,3.5,Trinitario,Dominican Republic,70.0,False,False,True,Medium (60-75%),3.55,Elite,3.2063253012048194,60.3,False,Good,Europe,0,Premium
Georgia Ramon,Conacado Coop,1646,2015,Germany,3.5,Trinitario,Dominican Republic,80.0,False,False,True,High (>75%),3.55,Elite,3.2063253012048194,60.3,False,Good,Europe,0,Premium
Georgia Ramon,Akesson P.,1646,2015,Germany,3.5,Trinitario,Madagascar,75.0,False,False,True,Medium (60-75%),3.55,Elite,3.2655172413793103,63.3,True,Good,Europe,0,Premium
Glennmade,"Toledo District, 2015 Harvest",1848,2016,USA,3.5,,Belize,70.0,False,False,True,Medium (60-75%),3.25,Standard,3.2346938775510203,61.7,False,Good,North America,0,Premium
Glennmade,Bahia,1672,2015,USA,3.0,"Trinitario, Forastero",Brazil,66.0,False,False,False,Medium (60-75%),3.25,Standard,3.284482758620689,64.2,True,Average,North America,0,Premium
Goodnow Farms,"Almendra Blanca, Batch 1004",1924,2016,USA,2.75,,Mexico,77.0,False,False,False,High (>75%),3.083333333333333,Standard,3.0083333333333333,50.4,False,Average,North America,2,Experimental
Goodnow Farms,"El Carmen, Batch 1003",1924,2016,USA,3.25,,Nicaragua,77.0,False,False,False,High (>75%),3.083333333333333,Standard,3.2,60.0,False,Good,North America,0,Premium
Goodnow Farms,"Asochivite, Batch 1005",1924,2016,USA,3.25,,Guatemala,77.0,False,False,False,High (>75%),3.083333333333333,Standard,3.321428571428572,66.1,True,Good,North America,0,Premium
Grand Place,"Ben Tre, Dong Nai",741,2011,Vietnam,3.0,Trinitario,Vietnam,72.0,False,False,False,Medium (60-75%),3.0,Standard,3.3157894736842106,65.8,True,Average,Asia-Pacific,1,Mass Market
Green & Black'S (Icam),Dark,15,2006,U.K.,2.5,,,70.0,False,False,False,Medium (60-75%),2.5,Low-Rated,,,False,Below Average,Other,1,Mass Market
Green Bean To Bar,Madagascar,1896,2016,Japan,3.5,,Madagascar,70.0,False,False,True,Medium (60-75%),3.5,Elite,3.2655172413793103,63.3,True,Good,Asia-Pacific,0,Premium
Grenada Chocolate Co.,Grenada,494,2010,Grenada,3.25,Trinitario,Grenada,82.0,False,False,False,High (>75%),2.833333333333333,Low-Rated,3.026315789473684,51.3,False,Good,Caribbean,2,Experimental
Grenada Chocolate Co.,Grenada,363,2009,Grenada,2.75,Trinitario,Grenada,60.0,False,False,False,Medium (60-75%),2.833333333333333,Low-Rated,3.026315789473684,51.3,False,Average,Caribbean,1,Mass Market
Grenada Chocolate Co.,Grenada,241,2008,Grenada,2.5,Trinitario,Grenada,71.0,False,False,False,Medium (60-75%),2.833333333333333,Low-Rated,3.026315789473684,51.3,False,Below Average,Caribbean,1,Mass Market
Guido Castagna,Arriba,355,2009,Italy,3.0,Forastero (Arriba) Ass,Ecuador,64.0,False,False,False,Medium (60-75%),3.05,Standard,3.134715025906736,56.7,False,Average,Europe,1,Mass Market
Guido Castagna,Ghana,355,2009,Italy,3.0,Forastero,Ghana,64.0,False,False,False,Medium (60-75%),3.05,Standard,3.090909090909091,54.5,False,Average,Europe,1,Mass Market
Guido Castagna,Trinidad & Tobago,355,2009,Italy,3.0,,"Trinidad, Tobago",64.0,False,False,False,Medium (60-75%),3.05,Standard,3.375,68.8,True,Average,Europe,1,Mass Market
Guido Castagna,Lacri Blend,355,2009,Italy,3.0,,Venezuela,76.0,False,False,False,High (>75%),3.05,Standard,3.2453271028037385,62.3,True,Average,Europe,1,Mass Market
Guido Castagna,Blend,355,2009,Italy,3.25,,"Ven, Trinidad, Ecuador",64.0,False,False,False,Medium (60-75%),3.05,Standard,3.25,62.5,True,Good,Europe,1,Mass Market
Guittard,"Epique, Blend No. 49",1602,2015,USA,3.75,,,70.0,False,False,True,Medium (60-75%),3.1704545454545454,Standard,,,False,Outstanding,North America,0,Premium
Guittard,Haiti,1053,2013,USA,2.75,,Haiti,65.0,False,False,False,Medium (60-75%),3.1704545454545454,Standard,3.388888888888889,69.4,True,Average,North America,0,Premium
Guittard,Nicaragua,1053,2013,USA,2.75,,Nicaragua,65.0,False,False,False,Medium (60-75%),3.1704545454545454,Standard,3.2,60.0,False,Average,North America,0,Premium
Guittard,Jamaica,1053,2013,USA,3.25,Trinitario,Jamaica,65.0,False,False,False,Medium (60-75%),3.1704545454545454,Standard,3.1625,58.1,False,Good,North America,0,Premium
Guittard,Ecuador,1053,2013,USA,3.5,,Ecuador,65.0,False,False,True,Medium (60-75%),3.1704545454545454,Standard,3.134715025906736,56.7,False,Good,North America,0,Premium
Guittard,Coucher Du Soleil,654,2011,USA,2.75,,,72.0,False,False,False,Medium (60-75%),3.1704545454545454,Standard,,,False,Average,North America,2,Experimental
Guittard,Lever Du Soleil,654,2011,USA,3.25,,,61.0,False,False,False,Medium (60-75%),3.1704545454545454,Standard,,,False,Good,North America,1,Mass Market
Guittard,Onyx,654,2011,USA,3.25,,,72.0,False,False,False,Medium (60-75%),3.1704545454545454,Standard,,,False,Good,North America,1,Mass Market
Guittard,Trinidad,552,2010,USA,3.0,Trinitario,Trinidad,65.0,False,False,False,Medium (60-75%),3.1704545454545454,Standard,3.2045454545454546,60.2,False,Average,North America,1,Mass Market
Guittard,"O'Ahu, N. Shore, Waialua E., Kakoleka",316,2009,USA,3.0,,Hawaii,55.0,False,False,False,Low (<60%),3.1704545454545454,Standard,3.2142857142857144,60.7,False,Average,North America,1,Mass Market
Guittard,Nocturne,387,2009,USA,3.0,,,91.0,False,True,False,High (>75%),3.1704545454545454,Standard,,,False,Average,North America,2,Experimental
Guittard,Complexite,387,2009,USA,3.5,Blend,,70.0,False,False,True,Medium (60-75%),3.1704545454545454,Standard,,,False,Good,North America,1,Mass Market
Guittard,Machu Pichu,259,2008,USA,3.0,,Peru,65.0,False,False,False,Medium (60-75%),3.1704545454545454,Standard,3.137878787878788,56.9,False,Average,North America,1,Mass Market
Guittard,Special Maker Reserve,276,2008,USA,3.0,,,64.0,False,False,False,Medium (60-75%),3.1704545454545454,Standard,,,False,Average,North America,1,Mass Market
Guittard,Ocumare,276,2008,USA,3.5,,Venezuela,65.0,False,False,True,Medium (60-75%),3.1704545454545454,Standard,3.2453271028037385,62.3,True,Good,North America,1,Mass Market
Guittard,Quetzalcoatl,147,2007,USA,3.5,Blend,,72.0,False,False,True,Medium (60-75%),3.1704545454545454,Standard,,,False,Good,North America,1,Mass Market
Guittard,Chucuri,15,2006,USA,3.0,Trinitario,Colombia,65.0,False,False,False,Medium (60-75%),3.1704545454545454,Standard,3.225,61.3,False,Average,North America,1,Mass Market
Guittard,Sur Del Lago,87,2006,USA,2.5,"Trinitario, Criollo",Venezuela,65.0,False,False,False,Medium (60-75%),3.1704545454545454,Standard,3.2453271028037385,62.3,True,Below Average,North America,1,Mass Market
Guittard,"Sambirano, Ambanja",87,2006,USA,3.5,"Criollo, +",Madagascar,65.0,False,False,True,Medium (60-75%),3.1704545454545454,Standard,3.2655172413793103,63.3,True,Good,North America,1,Mass Market
Guittard,"Los Rios, Quevedo",93,2006,USA,3.5,Forastero (Arriba),Ecuador,65.0,False,False,True,Medium (60-75%),3.1704545454545454,Standard,3.134715025906736,56.7,False,Good,North America,1,Mass Market
Guittard,Tsaranta,93,2006,USA,3.5,Blend,,61.0,False,False,True,Medium (60-75%),3.1704545454545454,Standard,,,False,Good,North America,1,Mass Market
Guittard,Semisweet,99,2006,USA,3.0,Blend,,61.0,False,False,False,Medium (60-75%),3.1704545454545454,Standard,,,False,Average,North America,1,Mass Market
Habitual,Papua New Guinea,1197,2014,Canada,2.75,,Papua New Guinea,80.0,False,False,False,High (>75%),2.9166666666666665,Low-Rated,3.2916666666666665,64.6,True,Average,North America,2,Experimental
Habitual,Campesino W/ Nibs,1197,2014,Canada,2.75,,,74.0,False,False,False,Medium (60-75%),2.9166666666666665,Low-Rated,,,False,Average,North America,2,Experimental
Habitual,Dominican Republic,1197,2014,Canada,3.25,,Dominican Republic,75.0,False,False,False,Medium (60-75%),2.9166666666666665,Low-Rated,3.2063253012048194,60.3,False,Good,North America,0,Premium
Habitual,Trinitario,1197,2014,Canada,3.5,Trinitario,,70.0,False,False,True,Medium (60-75%),2.9166666666666665,Low-Rated,,,False,Good,North America,0,Premium
Habitual,Downtown London,1201,2014,Canada,2.75,,,65.0,False,False,False,Medium (60-75%),2.9166666666666665,Low-Rated,,,False,Average,North America,0,Premium
Habitual,Africa Meets Latina,1201,2014,Canada,3.0,,,70.0,False,False,False,Medium (60-75%),2.9166666666666665,Low-Rated,,,False,Average,North America,0,Premium
Habitual,Amazonas,1201,2014,Canada,3.0,,,80.0,False,False,False,High (>75%),2.9166666666666665,Low-Rated,,,False,Average,North America,2,Experimental
Habitual,Sharkey,1201,2014,Canada,3.25,,Hawaii,66.0,False,False,False,Medium (60-75%),2.9166666666666665,Low-Rated,3.2142857142857144,60.7,False,Good,North America,0,Premium
Habitual,One Hundred,1205,2014,Canada,2.0,,,100.0,False,True,False,High (>75%),2.9166666666666665,Low-Rated,,,False,Below Average,North America,2,Experimental
Hachez,Arriba,166,2007,Germany,2.5,Forastero (Arriba),Ecuador,77.0,False,False,False,High (>75%),2.5,Low-Rated,3.134715025906736,56.7,False,Below Average,Europe,2,Experimental
Hacienda El Castillo,Don Homero- Cerecita Valley,1327,2014,Ecuador,2.75,Trinitario,Ecuador,55.0,False,False,False,Low (<60%),2.875,Low-Rated,3.134715025906736,56.7,False,Average,South America,0,Premium
Hacienda El Castillo,Don Homero- Cerecita Valley,1327,2014,Ecuador,3.0,Trinitario,Ecuador,70.0,False,False,False,Medium (60-75%),2.875,Low-Rated,3.134715025906736,56.7,False,Average,South America,0,Premium
Haigh,South America And Africa,701,2011,Australia,3.0,,"South America, Africa",70.0,False,False,False,Medium (60-75%),3.0,Standard,3.0,50.0,False,Average,Asia-Pacific,1,Mass Market
Harper Macaw,"Vale Do Juliana, W/ Nibs",1808,2016,USA,3.25,,Brazil,85.0,False,False,False,High (>75%),3.3125,Standard,3.284482758620689,64.2,True,Good,North America,2,Experimental
Harper Macaw,Brazil Blend,1696,2015,USA,3.0,,Brazil,67.0,False,False,False,Medium (60-75%),3.3125,Standard,3.284482758620689,64.2,True,Average,North America,0,Premium
Harper Macaw,"Tome Acu E., Amazon Rainforest",1700,2015,USA,3.5,,Brazil,77.0,False,False,True,High (>75%),3.3125,Standard,3.284482758620689,64.2,True,Good,North America,0,Premium
Harper Macaw,"Vale Do Juliana E., Atlantic Forest",1700,2015,USA,3.5,,Brazil,74.0,False,False,True,Medium (60-75%),3.3125,Standard,3.284482758620689,64.2,True,Good,North America,0,Premium
Heilemann,Peru,1876,2016,Germany,2.75,,Peru,64.0,False,False,False,Medium (60-75%),2.75,Low-Rated,3.137878787878788,56.9,False,Average,Europe,0,Premium
Heirloom Cacao Preservation (Brasstown),"Maya Mtn, Moho R., Toledo D., 2015",1748,2016,USA,3.25,Amazon,Belize,70.0,False,False,False,Medium (60-75%),3.25,Standard,3.2346938775510203,61.7,False,Good,North America,0,Premium
Heirloom Cacao Preservation (Fruition),"Cota Brus, Terciopelo, 2015",1748,2016,USA,3.5,Amazon Mix,Costa Rica,74.0,False,False,True,Medium (60-75%),3.5,Elite,3.1447368421052637,57.2,False,Good,North America,0,Premium
Heirloom Cacao Preservation (Guittard),"Alto Beni, Upper Rio Beni, 2014",1239,2014,USA,3.5,"Amazon, Ics",Bolivia,67.0,False,False,True,Medium (60-75%),3.5,Elite,3.1973684210526314,59.9,False,Good,North America,0,Premium
Heirloom Cacao Preservation (Guittard),"Wild Beni, Lower Rio Beni, Tranquilidad, 2014",1243,2014,USA,3.0,Beniano,Bolivia,67.0,False,False,False,Medium (60-75%),3.5,Elite,3.1973684210526314,59.9,False,Average,North America,0,Premium
Heirloom Cacao Preservation (Guittard),"Los Rios, Hacienda Limon, Orecao, 2014",1243,2014,USA,3.75,Eet,Ecuador,67.0,False,False,True,Medium (60-75%),3.5,Elite,3.134715025906736,56.7,False,Outstanding,North America,0,Premium
Heirloom Cacao Preservation (Guittard),"Maunawili, O'Ahu, Agri Research C., 2014",1243,2014,USA,3.75,,Hawaii,67.0,False,False,True,Medium (60-75%),3.5,Elite,3.2142857142857144,60.7,False,Outstanding,North America,0,Premium
Heirloom Cacao Preservation (Manoa),"Maunawili, O'Ahu, Agri Research C., 2015",1744,2016,USA,3.5,,Hawaii,72.0,False,False,True,Medium (60-75%),3.5,Elite,3.2142857142857144,60.7,False,Good,North America,0,Premium
Heirloom Cacao Preservation (Millcreek),"Los Rios, Hacienda Limon, Orecao, 2015",1744,2016,USA,3.5,Eet,Ecuador,70.0,False,False,True,Medium (60-75%),3.5,Elite,3.134715025906736,56.7,False,Good,North America,0,Premium
Heirloom Cacao Preservation (Mindo),"Pinchincha, Mindo, Coop Nueva Esper., 2015",1748,2016,USA,3.5,Eet,Ecuador,77.0,False,False,True,High (>75%),3.5,Elite,3.134715025906736,56.7,False,Good,North America,0,Premium
Heirloom Cacao Preservation (Zokoko),"Alto Beni, Upper Rio Beni, 2015",1744,2016,USA,3.75,"Amazon, Ics",Bolivia,68.0,False,False,True,Medium (60-75%),3.875,Elite,3.1973684210526314,59.9,False,Outstanding,North America,0,Premium
Heirloom Cacao Preservation (Zokoko),"Wild Beni, Lower Rio Beni, Tranquilidad, 2015",1744,2016,USA,4.0,Beniano,Bolivia,72.0,False,False,True,Medium (60-75%),3.875,Elite,3.1973684210526314,59.9,False,Outstanding,North America,0,Premium
Hello Cocoa,Uganda,1458,2015,USA,2.75,Forastero,Uganda,57.0,False,False,False,Low (<60%),3.125,Standard,2.8125,40.6,False,Average,North America,0,Premium
Hello Cocoa,Venezuela,1462,2015,USA,3.5,Criollo,Venezuela,74.0,False,False,True,Medium (60-75%),3.125,Standard,3.2453271028037385,62.3,True,Good,North America,0,Premium
Hexx,Tanzania,1546,2015,USA,2.75,,Tanzania,70.0,False,False,False,Medium (60-75%),3.05,Standard,3.2058823529411766,60.3,False,Average,North America,0,Premium
Hexx,Madagascar,1546,2015,USA,3.0,Trinitario,Madagascar,74.0,False,False,False,Medium (60-75%),3.05,Standard,3.2655172413793103,63.3,True,Average,North America,0,Premium
Hexx,Venezuela,1546,2015,USA,3.0,,Venezuela,70.0,False,False,False,Medium (60-75%),3.05,Standard,3.2453271028037385,62.3,True,Average,North America,0,Premium
Hexx,Ecuador,1550,2015,USA,3.25,,Ecuador,73.0,False,False,False,Medium (60-75%),3.05,Standard,3.134715025906736,56.7,False,Good,North America,0,Premium
Hexx,Peru,1550,2015,USA,3.25,,Peru,70.0,False,False,False,Medium (60-75%),3.05,Standard,3.137878787878788,56.9,False,Good,North America,0,Premium
Hogarth,Akesson'S Estate,1712,2016,New Zealand,2.75,Trinitario,Madagascar,70.0,False,False,False,Medium (60-75%),3.0625,Standard,3.2655172413793103,63.3,True,Average,Asia-Pacific,0,Premium
Hogarth,Carenero Superior,1712,2016,New Zealand,2.75,Trinitario,Venezuela,72.0,False,False,False,Medium (60-75%),3.0625,Standard,3.2453271028037385,62.3,True,Average,Asia-Pacific,0,Premium
Hogarth,Conacado,1712,2016,New Zealand,3.25,Trinitario,Dominican Republic,75.0,False,False,False,Medium (60-75%),3.0625,Standard,3.2063253012048194,60.3,False,Good,Asia-Pacific,0,Premium
Hogarth,Gran Blanco,1712,2016,New Zealand,3.5,Criollo,Peru,66.0,False,False,True,Medium (60-75%),3.0625,Standard,3.137878787878788,56.9,False,Good,Asia-Pacific,0,Premium
Hoja Verde (Tulicorp),Arriba,414,2009,Ecuador,2.0,Forastero (Arriba) Ass,Ecuador,80.0,False,False,False,High (>75%),2.85,Low-Rated,3.134715025906736,56.7,False,Below Average,South America,2,Experimental
Hoja Verde (Tulicorp),Manabi,414,2009,Ecuador,2.5,Forastero (Arriba) Ass,Ecuador,80.0,False,False,False,High (>75%),2.85,Low-Rated,3.134715025906736,56.7,False,Below Average,South America,2,Experimental
Hoja Verde (Tulicorp),Arriba,414,2009,Ecuador,3.0,Forastero (Arriba) Ass,Ecuador,72.0,False,False,False,Medium (60-75%),2.85,Low-Rated,3.134715025906736,56.7,False,Average,South America,1,Mass Market
Hoja Verde (Tulicorp),Arriba,414,2009,Ecuador,3.25,Forastero (Arriba) Ass,Ecuador,58.0,False,False,False,Low (<60%),2.85,Low-Rated,3.134715025906736,56.7,False,Good,South America,1,Mass Market
Hoja Verde (Tulicorp),Manabi,414,2009,Ecuador,3.5,Forastero (Arriba) Ass,Ecuador,58.0,False,False,True,Low (<60%),2.85,Low-Rated,3.134715025906736,56.7,False,Good,South America,1,Mass Market
Holy Cacao,Maranon,1872,2016,Israel,2.75,,Peru,70.0,False,False,False,Medium (60-75%),3.25,Standard,3.137878787878788,56.9,False,Average,Middle East,0,Premium
Holy Cacao,"Camino Verde P., Balao, Guayas",1466,2015,Israel,3.5,,Ecuador,70.0,False,False,True,Medium (60-75%),3.25,Standard,3.134715025906736,56.7,False,Good,Middle East,0,Premium
Holy Cacao,Sambirano,1466,2015,Israel,3.5,Trinitario,Madagascar,70.0,False,False,True,Medium (60-75%),3.25,Standard,3.2655172413793103,63.3,True,Good,Middle East,0,Premium
Holy Cacao,Gran Couva,1466,2015,Israel,3.5,Trinitario,Trinidad,70.0,False,False,True,Medium (60-75%),3.25,Standard,3.2045454545454546,60.2,False,Good,Middle East,0,Premium
Holy Cacao,Mara,1466,2015,Israel,3.5,,Venezuela,70.0,False,False,True,Medium (60-75%),3.25,Standard,3.2453271028037385,62.3,True,Good,Middle East,0,Premium
Holy Cacao,Ivory Coast,431,2009,Israel,2.5,,Cote D Ivoire,70.0,False,False,False,Medium (60-75%),3.25,Standard,2.8,40.0,False,Below Average,Middle East,1,Mass Market
Holy Cacao,Hispaniola,431,2009,Israel,2.75,,Dominican Republic,70.0,False,False,False,Medium (60-75%),3.25,Standard,3.2063253012048194,60.3,False,Average,Middle East,1,Mass Market
Holy Cacao,San Martin,431,2009,Israel,3.5,,Peru,70.0,False,False,True,Medium (60-75%),3.25,Standard,3.137878787878788,56.9,False,Good,Middle East,1,Mass Market
Holy Cacao,Hispaniola W/ Nibs,431,2009,Israel,3.75,,Dominican Republic,75.0,False,False,True,Medium (60-75%),3.25,Standard,3.2063253012048194,60.3,False,Outstanding,Middle East,1,Mass Market
Honest,"Ecuador, W/ Nibs",1327,2014,South Africa,2.5,,Ecuador,72.0,False,False,False,Medium (60-75%),2.5,Low-Rated,3.134715025906736,56.7,False,Below Average,Africa,2,Experimental
Hotel Chocolat,"Pepiniere, Single Cote",1654,2015,U.K.,2.75,,St. Lucia,70.0,False,False,False,Medium (60-75%),2.833333333333333,Low-Rated,2.96875,48.4,False,Average,Other,0,Premium
Hotel Chocolat,"Marcial, Single Cote, 2012",1030,2013,U.K.,4.0,Trinitario,St. Lucia,70.0,False,False,True,Medium (60-75%),2.833333333333333,Low-Rated,2.96875,48.4,False,Outstanding,Other,0,Premium
Hotel Chocolat,"Island Growers, 2012, 120Hr C.",1113,2013,U.K.,1.75,Trinitario,St. Lucia,100.0,False,True,False,High (>75%),2.833333333333333,Low-Rated,2.96875,48.4,False,Poor,Other,2,Experimental
Hotel Chocolat (Coppeneur),Trinidad,1038,2013,U.K.,3.0,Trinitario,Trinidad,75.0,False,False,False,Medium (60-75%),2.973684210526316,Low-Rated,3.2045454545454546,60.2,False,Average,Other,2,Experimental
Hotel Chocolat (Coppeneur),Mekong Delta & Dong Nai,1038,2013,U.K.,3.5,Trinitario,Vietnam,80.0,False,False,True,High (>75%),2.973684210526316,Low-Rated,3.3157894736842106,65.8,True,Good,Other,0,Premium
Hotel Chocolat (Coppeneur),"Los Rios, H. Iara",1065,2013,U.K.,3.0,Forastero (Nacional),Ecuador,90.0,False,False,False,High (>75%),2.973684210526316,Low-Rated,3.134715025906736,56.7,False,Average,Other,2,Experimental
Hotel Chocolat (Coppeneur),"Somia Plantation, Akesson, 2012",1065,2013,U.K.,3.0,Trinitario,Madagascar,72.0,False,False,False,Medium (60-75%),2.973684210526316,Low-Rated,3.2655172413793103,63.3,True,Average,Other,0,Premium
Hotel Chocolat (Coppeneur),"Los Rios, H. Iara, 2012",1065,2013,U.K.,3.5,Forastero (Nacional),Ecuador,82.0,False,False,True,High (>75%),2.973684210526316,Low-Rated,3.134715025906736,56.7,False,Good,Other,2,Experimental
Hotel Chocolat (Coppeneur),"Chanchamayo, Pichanadi, 2012, 60Hr C.",1109,2013,U.K.,2.75,,Peru,100.0,False,True,False,High (>75%),2.973684210526316,Low-Rated,3.137878787878788,56.9,False,Average,Other,2,Experimental
Hotel Chocolat (Coppeneur),"Los Rios, H. Iara, 2012, 120Hr C.",1113,2013,U.K.,2.5,Forastero (Nacional),Ecuador,100.0,False,True,False,High (>75%),2.973684210526316,Low-Rated,3.134715025906736,56.7,False,Below Average,Other,2,Experimental
Hotel Chocolat (Coppeneur),"Conacado, 2012, 120Hr C.",1113,2013,U.K.,2.75,,Dominican Republic,100.0,False,True,False,High (>75%),2.973684210526316,Low-Rated,3.2063253012048194,60.3,False,Average,Other,2,Experimental
Hotel Chocolat (Coppeneur),Sambirano,809,2012,U.K.,3.5,"Trinitario, Criollo",Madagascar,66.0,False,False,True,Medium (60-75%),2.973684210526316,Low-Rated,3.2655172413793103,63.3,True,Good,Other,0,Premium
Hotel Chocolat (Coppeneur),"Los Rios, H. Iara, 96Hr C.",623,2011,U.K.,3.0,Forastero (Nacional),Ecuador,80.0,False,False,False,High (>75%),2.973684210526316,Low-Rated,3.134715025906736,56.7,False,Average,Other,2,Experimental
Hotel Chocolat (Coppeneur),"Island Growers, 120Hr C.",623,2011,U.K.,3.0,Trinitario,St. Lucia,65.0,False,False,False,Medium (60-75%),2.973684210526316,Low-Rated,2.96875,48.4,False,Average,Other,1,Mass Market
Hotel Chocolat (Coppeneur),"Island Growers, 96Hr C.",623,2011,U.K.,3.25,Trinitario,St. Lucia,65.0,False,False,False,Medium (60-75%),2.973684210526316,Low-Rated,2.96875,48.4,False,Good,Other,1,Mass Market
Hotel Chocolat (Coppeneur),Ecuador,552,2010,U.K.,2.75,,Ecuador,70.0,False,False,False,Medium (60-75%),2.973684210526316,Low-Rated,3.134715025906736,56.7,False,Average,Other,1,Mass Market
Hotel Chocolat (Coppeneur),Santo Domingo,552,2010,U.K.,3.0,,Dominican Republic,70.0,False,False,False,Medium (60-75%),2.973684210526316,Low-Rated,3.2063253012048194,60.3,False,Average,Other,1,Mass Market
Hotel Chocolat (Coppeneur),Chuao,600,2010,U.K.,2.75,Trinitario,Venezuela,70.0,False,False,False,Medium (60-75%),2.973684210526316,Low-Rated,3.2453271028037385,62.3,True,Average,Other,1,Mass Market
Hotel Chocolat (Coppeneur),St. Lucia,245,2008,U.K.,3.0,,St. Lucia,72.0,False,False,False,Medium (60-75%),2.973684210526316,Low-Rated,2.96875,48.4,False,Average,Other,1,Mass Market
Hotel Chocolat (Coppeneur),Uganda,296,2008,U.K.,2.5,Forastero,Uganda,80.0,False,False,False,High (>75%),2.973684210526316,Low-Rated,2.8125,40.6,False,Below Average,Other,2,Experimental
Hotel Chocolat (Coppeneur),Tanzania,296,2008,U.K.,2.75,,Tanzania,75.0,False,False,False,Medium (60-75%),2.973684210526316,Low-Rated,3.2058823529411766,60.3,False,Average,Other,2,Experimental
Hotel Chocolat (Coppeneur),Uba Budo,300,2008,U.K.,3.0,Forastero,Sao Tome,72.0,False,False,False,Medium (60-75%),2.973684210526316,Low-Rated,3.175,58.7,False,Average,Other,1,Mass Market
Hummingbird,Lam Dong,1542,2015,Canada,3.5,Trinitario,Vietnam,70.0,False,False,True,Medium (60-75%),3.34375,Standard,3.3157894736842106,65.8,True,Good,North America,0,Premium
Hummingbird,Bolivia,1307,2014,Canada,3.0,"Criollo, Trinitario",Bolivia,70.0,False,False,False,Medium (60-75%),3.34375,Standard,3.1973684210526314,59.9,False,Average,North America,0,Premium
Hummingbird,"Bolivia, Bo-Nib-Ia, W/ Nibs",1311,2014,Canada,3.0,"Criollo, Trinitario",Bolivia,70.0,False,False,False,Medium (60-75%),3.34375,Standard,3.1973684210526314,59.9,False,Average,North America,0,Premium
Hummingbird,Momotombo,1311,2014,Canada,3.0,Trinitario,Nicaragua,70.0,False,False,False,Medium (60-75%),3.34375,Standard,3.2,60.0,False,Average,North America,0,Premium
Hummingbird,Hispaniola,1311,2014,Canada,3.75,Trinitario,Dominican Republic,70.0,False,False,True,Medium (60-75%),3.34375,Standard,3.2063253012048194,60.3,False,Outstanding,North America,0,Premium
Hummingbird,Zorzal Reserva W/ Charles Kerchner,1387,2014,Canada,3.5,,Dominican Republic,70.0,False,False,True,Medium (60-75%),3.34375,Standard,3.2063253012048194,60.3,False,Good,North America,0,Premium
Hummingbird,"Ocumare, Cumboto",1097,2013,Canada,3.25,"Trinitario, Criollo",Venezuela,70.0,False,False,False,Medium (60-75%),3.34375,Standard,3.2453271028037385,62.3,True,Good,North America,0,Premium
Hummingbird,Amazonas,1097,2013,Canada,3.75,Forastero,Venezuela,70.0,False,False,True,Medium (60-75%),3.34375,Standard,3.2453271028037385,62.3,True,Outstanding,North America,0,Premium
Idilio (Felchlin),"Chuao, Venezuela",1085,2013,Switzerland,3.75,Trinitario,Venezuela,72.0,False,False,True,Medium (60-75%),3.775,Elite,3.2453271028037385,62.3,True,Outstanding,Europe,0,Premium
Idilio (Felchlin),Coopertiva Amazona,725,2011,Switzerland,3.75,Criollo,Venezuela,72.0,False,False,True,Medium (60-75%),3.775,Elite,3.2453271028037385,62.3,True,Outstanding,Europe,1,Mass Market
Idilio (Felchlin),"Sur Del Lago, Amiari Meridena, Zulia, 48Hr C.",725,2011,Switzerland,3.75,,Venezuela,72.0,False,False,True,Medium (60-75%),3.775,Elite,3.2453271028037385,62.3,True,Outstanding,Europe,1,Mass Market
Idilio (Felchlin),"Choroni, Finca Torres, 48Hr C.",729,2011,Switzerland,3.25,Criollo,Venezuela,72.0,False,False,False,Medium (60-75%),3.775,Elite,3.2453271028037385,62.3,True,Good,Europe,1,Mass Market
Idilio (Felchlin),"Ocumare, H. Cata, 48Hr C.",733,2011,Switzerland,3.75,Criollo,Venezuela,72.0,False,False,True,Medium (60-75%),3.775,Elite,3.2453271028037385,62.3,True,Outstanding,Europe,1,Mass Market
Idilio (Felchlin),"Porcelana, Zulia",733,2011,Switzerland,4.0,Criollo,Venezuela,74.0,False,False,True,Medium (60-75%),3.775,Elite,3.2453271028037385,62.3,True,Outstanding,Europe,1,Mass Market
Idilio (Felchlin),"Ocumare, H. Cata, W/ Nibs",737,2011,Switzerland,3.5,Criollo,Venezuela,72.0,False,False,True,Medium (60-75%),3.775,Elite,3.2453271028037385,62.3,True,Good,Europe,1,Mass Market
Idilio (Felchlin),"Carenero Superior, Urrutia, Barlovento",737,2011,Switzerland,4.0,Trinitario,Venezuela,70.0,False,False,True,Medium (60-75%),3.775,Elite,3.2453271028037385,62.3,True,Outstanding,Europe,1,Mass Market
Idilio (Felchlin),Coopertiva Amazona W/ Nibs,737,2011,Switzerland,4.0,Criollo,Venezuela,72.0,False,False,True,Medium (60-75%),3.775,Elite,3.2453271028037385,62.3,True,Outstanding,Europe,1,Mass Market
Idilio (Felchlin),"Sur Del Lago, Amiari Meridena, Zulia, W/ Nibs",737,2011,Switzerland,4.0,,Venezuela,72.0,False,False,True,Medium (60-75%),3.775,Elite,3.2453271028037385,62.3,True,Outstanding,Europe,1,Mass Market
Indah,India (South),1788,2016,India,2.5,,India,61.0,False,False,False,Medium (60-75%),2.5,Low-Rated,3.125,56.2,False,Below Average,Other,0,Premium
Indaphoria,La Red,821,2012,USA,3.25,,Dominican Republic,70.0,False,False,False,Medium (60-75%),3.0,Standard,3.2063253012048194,60.3,False,Good,North America,0,Premium
Indaphoria,"Conacado, Manifesto",907,2012,USA,2.75,,Dominican Republic,70.0,False,False,False,Medium (60-75%),3.0,Standard,3.2063253012048194,60.3,False,Average,North America,2,Experimental
Indi,Honduras,1255,2014,USA,3.0,,Honduras,77.0,False,False,False,High (>75%),3.0,Standard,3.35,67.5,True,Average,North America,2,Experimental
Iq Chocolate,"Satipo Region, White Label",943,2012,Scotland,2.75,Criollo,Peru,72.0,False,False,False,Medium (60-75%),2.875,Low-Rated,3.137878787878788,56.9,False,Average,Europe,2,Experimental
Iq Chocolate,Black Label,943,2012,Scotland,3.0,,Peru,72.0,False,False,False,Medium (60-75%),2.875,Low-Rated,3.137878787878788,56.9,False,Average,Europe,0,Premium
Isidro,Madagascar,1275,2014,USA,3.5,Trinitario,Madagascar,72.0,False,False,True,Medium (60-75%),3.0625,Standard,3.2655172413793103,63.3,True,Good,North America,0,Premium
Isidro,Peru,1279,2014,USA,2.25,,Peru,72.0,False,False,False,Medium (60-75%),3.0625,Standard,3.137878787878788,56.9,False,Below Average,North America,2,Experimental
Isidro,Belize,1279,2014,USA,3.25,Trinitario,Belize,72.0,False,False,False,Medium (60-75%),3.0625,Standard,3.2346938775510203,61.7,False,Good,North America,0,Premium
Isidro,Dominican Republic,1279,2014,USA,3.25,,Dominican Republic,72.0,False,False,False,Medium (60-75%),3.0625,Standard,3.2063253012048194,60.3,False,Good,North America,0,Premium
Izard,"Maya Mountain, Toledo, Batch 29",1542,2015,USA,3.5,Trinitario,Belize,70.0,False,False,True,Medium (60-75%),3.125,Standard,3.2346938775510203,61.7,False,Good,North America,0,Premium
Izard,"Elvesia P., Batch 32",1546,2015,USA,2.75,,Dominican Republic,70.0,False,False,False,Medium (60-75%),3.125,Standard,3.2063253012048194,60.3,False,Average,North America,0,Premium
Jacque Torres,Trinatario Treasure,5,2006,USA,2.0,Trinitario,Ghana,71.0,False,False,False,Medium (60-75%),2.0,Low-Rated,3.090909090909091,54.5,False,Below Average,North America,2,Experimental
Jordis,Madagascar,1534,2015,Czech Republic,2.75,Trinitario,Madagascar,63.0,False,False,False,Medium (60-75%),2.75,Low-Rated,3.2655172413793103,63.3,True,Average,Europe,0,Premium
Just Good Chocolate,Belize,1375,2014,USA,3.5,Trinitario,Belize,70.0,False,False,True,Medium (60-75%),3.6666666666666665,Elite,3.2346938775510203,61.7,False,Good,North America,0,Premium
Just Good Chocolate,Madagascar,1375,2014,USA,3.5,Trinitario,Madagascar,70.0,False,False,True,Medium (60-75%),3.6666666666666665,Elite,3.2655172413793103,63.3,True,Good,North America,0,Premium
Just Good Chocolate,Peru,1375,2014,USA,4.0,,Peru,70.0,False,False,True,Medium (60-75%),3.6666666666666665,Elite,3.137878787878788,56.9,False,Outstanding,North America,0,Premium
Kah Kow,"Rizek Cacao, Cibao Valley, Domin. Rep.",1061,2013,Dominican Republic,3.5,,Dominican Republic,70.0,False,False,True,Medium (60-75%),3.25,Standard,3.2063253012048194,60.3,False,Good,Other,0,Premium
Kah Kow,"Rizek Cacao, Domin. Rep.",1069,2013,Dominican Republic,3.0,,Dominican Republic,82.0,False,False,False,High (>75%),3.25,Standard,3.2063253012048194,60.3,False,Average,Other,2,Experimental
Kah Kow,"Rizek Cacao, Domin. Rep.",1069,2013,Dominican Republic,3.25,,Dominican Republic,55.0,False,False,False,Low (<60%),3.25,Standard,3.2063253012048194,60.3,False,Good,Other,0,Premium
Kah Kow,"Rizek Cacao, Domin. Rep.",1073,2013,Dominican Republic,3.25,,Dominican Republic,62.0,False,False,False,Medium (60-75%),3.25,Standard,3.2063253012048194,60.3,False,Good,Other,0,Premium
Kakao,Peru,837,2012,Germany,2.5,,Peru,64.0,False,False,False,Medium (60-75%),3.125,Standard,3.137878787878788,56.9,False,Below Average,Europe,1,Mass Market
Kakao,Vanuatu,387,2009,Germany,3.75,Trinitario,Vanuatu,65.0,False,False,True,Medium (60-75%),3.125,Standard,3.25,62.5,True,Outstanding,Europe,1,Mass Market
Kallari (Ecuatoriana),Sisa 36Hr/ W. F. Blend Prototype,241,2008,Ecuador,3.0,,Ecuador,70.0,False,False,False,Medium (60-75%),2.875,Low-Rated,3.134715025906736,56.7,False,Average,South America,1,Mass Market
Kallari (Ecuatoriana),Sisa'S Secret/ Original Micro,241,2008,Ecuador,3.5,,Ecuador,70.0,False,False,True,Medium (60-75%),2.875,Low-Rated,3.134715025906736,56.7,False,Good,South America,1,Mass Market
Kallari (Ecuatoriana),Roberto,245,2008,Ecuador,2.75,,Ecuador,75.0,False,False,False,Medium (60-75%),2.875,Low-Rated,3.134715025906736,56.7,False,Average,South America,2,Experimental
Kallari (Ecuatoriana),Diego/ Original Micro,248,2008,Ecuador,2.5,,Ecuador,85.0,False,False,False,High (>75%),2.875,Low-Rated,3.134715025906736,56.7,False,Below Average,South America,2,Experimental
Kallari (Ecuatoriana),Diego 48Hr/ W.F. Blend Prototype,248,2008,Ecuador,2.75,,Ecuador,85.0,False,False,False,High (>75%),2.875,Low-Rated,3.134715025906736,56.7,False,Average,South America,2,Experimental
Kallari (Ecuatoriana),Diego 60Hr/ W.F. Blend Prototype,248,2008,Ecuador,3.0,,Ecuador,85.0,False,False,False,High (>75%),2.875,Low-Rated,3.134715025906736,56.7,False,Average,South America,2,Experimental
Kallari (Ecuatoriana),Cacao Nacional W.F.,263,2008,Ecuador,2.5,,Ecuador,75.0,False,False,False,Medium (60-75%),2.875,Low-Rated,3.134715025906736,56.7,False,Below Average,South America,2,Experimental
Kallari (Ecuatoriana),Cacao Nacional W.F.,269,2008,Ecuador,3.0,,Ecuador,85.0,False,False,False,High (>75%),2.875,Low-Rated,3.134715025906736,56.7,False,Average,South America,2,Experimental
Kaoka (Cemoi),Noir,404,2009,France,2.75,,,70.0,False,False,False,Medium (60-75%),2.75,Low-Rated,,,False,Average,Europe,1,Mass Market
Kaoka (Cemoi),Ecuador,423,2009,France,2.75,,Ecuador,80.0,False,False,False,High (>75%),2.75,Low-Rated,3.134715025906736,56.7,False,Average,Europe,2,Experimental
Kerchner,"La Red, Project Reserva, Guaconejo",1133,2013,USA,3.75,,Dominican Republic,70.0,False,False,True,Medium (60-75%),3.75,Elite,3.2063253012048194,60.3,False,Outstanding,North America,0,Premium
Ki' Xocolatl,Dark,431,2009,Mexico,2.0,,Mexico,72.0,False,False,False,Medium (60-75%),2.0,Low-Rated,3.0083333333333333,50.4,False,Below Average,North America,2,Experimental
Kiskadee,"La Red, Guanconjeco",1251,2014,USA,3.0,Trinitario,Dominican Republic,60.0,False,False,False,Medium (60-75%),3.0,Standard,3.2063253012048194,60.3,False,Average,North America,0,Premium
Kto,San Martin,1422,2014,USA,2.5,,Peru,72.0,False,False,False,Medium (60-75%),3.0357142857142856,Standard,3.137878787878788,56.9,False,Below Average,North America,2,Experimental
Kto,Ocumare,1422,2014,USA,2.75,,Venezuela,72.0,False,False,False,Medium (60-75%),3.0357142857142856,Standard,3.2453271028037385,62.3,True,Average,North America,0,Premium
Kto,Belize,1422,2014,USA,3.0,Trinitario,Belize,72.0,False,False,False,Medium (60-75%),3.0357142857142856,Standard,3.2346938775510203,61.7,False,Average,North America,0,Premium
Kto,Sambirano Valley,1422,2014,USA,3.25,Trinitario,Madagascar,72.0,False,False,False,Medium (60-75%),3.0357142857142856,Standard,3.2655172413793103,63.3,True,Good,North America,0,Premium
Kto,Belize,1426,2014,USA,3.25,Trinitario,Belize,90.0,False,False,False,High (>75%),3.0357142857142856,Standard,3.2346938775510203,61.7,False,Good,North America,2,Experimental
Kto,Elvesia,1426,2014,USA,3.25,,Dominican Republic,72.0,False,False,False,Medium (60-75%),3.0357142857142856,Standard,3.2063253012048194,60.3,False,Good,North America,0,Premium
Kto,Roig,1426,2014,USA,3.25,,Dominican Republic,72.0,False,False,False,Medium (60-75%),3.0357142857142856,Standard,3.2063253012048194,60.3,False,Good,North America,0,Premium
K'Ul,"Kafupbo, Petit Bourg, De Borgnes",1840,2016,USA,3.25,,Haiti,70.0,False,False,False,Medium (60-75%),3.375,Standard,3.388888888888889,69.4,True,Good,North America,0,Premium
K'Ul,"Maranon, Fortunato No. 4",1852,2016,USA,2.75,Forastero (Nacional),Peru,70.0,False,False,False,Medium (60-75%),3.375,Standard,3.137878787878788,56.9,False,Average,North America,0,Premium
K'Ul,"Los Rios, Hacienda Limon, Heirloom",1852,2016,USA,3.75,,Ecuador,70.0,False,False,True,Medium (60-75%),3.375,Standard,3.134715025906736,56.7,False,Outstanding,North America,0,Premium
K'Ul,"Bahia, Fazenda Camboa",1852,2016,USA,3.75,Forastero,Brazil,70.0,False,False,True,Medium (60-75%),3.375,Standard,3.284482758620689,64.2,True,Outstanding,North America,0,Premium
Kyya,Uganda,1359,2014,USA,2.5,Forastero,Uganda,72.5,False,False,False,Medium (60-75%),2.75,Low-Rated,2.8125,40.6,False,Below Average,North America,2,Experimental
Kyya,Hispaniola,1359,2014,USA,3.0,,Dominican Republic,72.5,False,False,False,Medium (60-75%),2.75,Low-Rated,3.2063253012048194,60.3,False,Average,North America,0,Premium
Kyya,Ecuador,1363,2014,USA,2.5,,Ecuador,72.5,False,False,False,Medium (60-75%),2.75,Low-Rated,3.134715025906736,56.7,False,Below Average,North America,2,Experimental
Kyya,Madagascar,1363,2014,USA,3.0,Trinitario,Madagascar,72.5,False,False,False,Medium (60-75%),2.75,Low-Rated,3.2655172413793103,63.3,True,Average,North America,0,Premium
L.A. Burdick (Felchlin),Peru,891,2012,USA,3.25,,Peru,74.0,False,False,False,Medium (60-75%),3.4722222222222223,Elite,3.137878787878788,56.9,False,Good,North America,0,Premium
L.A. Burdick (Felchlin),Brazil,891,2012,USA,4.0,,Brazil,70.0,False,False,True,Medium (60-75%),3.4722222222222223,Elite,3.284482758620689,64.2,True,Outstanding,North America,0,Premium
L.A. Burdick (Felchlin),Chuao,927,2012,USA,3.75,Trinitario,Venezuela,68.0,False,False,True,Medium (60-75%),3.4722222222222223,Elite,3.2453271028037385,62.3,True,Outstanding,North America,0,Premium
L.A. Burdick (Felchlin),Quito,682,2011,USA,3.75,,Ecuador,74.0,False,False,True,Medium (60-75%),3.4722222222222223,Elite,3.134715025906736,56.7,False,Outstanding,North America,1,Mass Market
L.A. Burdick (Felchlin),Grenada,576,2010,USA,3.25,Trinitario,Grenada,75.0,False,False,False,Medium (60-75%),3.4722222222222223,Elite,3.026315789473684,51.3,False,Good,North America,1,Mass Market
L.A. Burdick (Felchlin),Dominican Republic,576,2010,USA,3.75,,Dominican Republic,74.0,False,False,True,Medium (60-75%),3.4722222222222223,Elite,3.2063253012048194,60.3,False,Outstanding,North America,1,Mass Market
L.A. Burdick (Felchlin),Venzuela,597,2010,USA,3.0,,Venezuela,71.0,False,False,False,Medium (60-75%),3.4722222222222223,Elite,3.2453271028037385,62.3,True,Average,North America,1,Mass Market
L.A. Burdick (Felchlin),Madagascar,431,2009,USA,3.5,Trinitario,Madagascar,64.0,False,False,True,Medium (60-75%),3.4722222222222223,Elite,3.2655172413793103,63.3,True,Good,North America,1,Mass Market
L.A. Burdick (Felchlin),Bolivian,451,2009,USA,3.0,,Bolivia,68.0,False,False,False,Medium (60-75%),3.4722222222222223,Elite,3.1973684210526314,59.9,False,Average,North America,1,Mass Market
La Chocolaterie Nanairo,"Lumas, 2015 Harvest, Batch 6, Brown Sugar",1892,2016,Japan,2.25,"Trinitario, Criollo",Peru,70.0,False,False,False,Medium (60-75%),2.6875,Low-Rated,3.137878787878788,56.9,False,Below Average,Asia-Pacific,2,Experimental
La Chocolaterie Nanairo,"Lumas, 2015 Harvest, Batch 7",1892,2016,Japan,2.5,"Trinitario, Criollo",Peru,70.0,False,False,False,Medium (60-75%),2.6875,Low-Rated,3.137878787878788,56.9,False,Below Average,Asia-Pacific,0,Premium
La Chocolaterie Nanairo,"Tumbes, 2013 Harvest, Batch 8",1892,2016,Japan,3.0,Criollo,Peru,70.0,False,False,False,Medium (60-75%),2.6875,Low-Rated,3.137878787878788,56.9,False,Average,Asia-Pacific,0,Premium
La Chocolaterie Nanairo,"Belize, 2014 Harvest, Batch 9",1892,2016,Japan,3.0,"Trinitario, Criollo",Belize,70.0,False,False,False,Medium (60-75%),2.6875,Low-Rated,3.2346938775510203,61.7,False,Average,Asia-Pacific,0,Premium
La Maison Du Chocolat (Valrhona),"Cuana, 2013",1121,2013,France,2.75,,"Africa, Carribean, C. Am.",74.0,False,False,False,Medium (60-75%),3.325,Standard,2.75,37.5,False,Average,Europe,2,Experimental
La Maison Du Chocolat (Valrhona),Tobago,1145,2013,France,3.25,,Tobago,60.0,False,False,False,Medium (60-75%),3.325,Standard,3.625,81.2,True,Good,Europe,0,Premium
La Maison Du Chocolat (Valrhona),"Acarigua, W/ Nibs",1189,2013,France,3.25,,Ecuador,56.0,False,False,False,Low (<60%),3.325,Standard,3.134715025906736,56.7,False,Good,Europe,0,Premium
La Maison Du Chocolat (Valrhona),Loma Sotavento,891,2012,France,3.5,,Dominican Republic,66.0,False,False,True,Medium (60-75%),3.325,Standard,3.2063253012048194,60.3,False,Good,Europe,0,Premium
La Maison Du Chocolat (Valrhona),Grenada,741,2011,France,3.5,Trinitario,Grenada,68.0,False,False,True,Medium (60-75%),3.325,Standard,3.026315789473684,51.3,False,Good,Europe,1,Mass Market
La Maison Du Chocolat (Valrhona),Akosombo,346,2009,France,3.25,Forastero,Ghana,68.0,False,False,False,Medium (60-75%),3.325,Standard,3.090909090909091,54.5,False,Good,Europe,1,Mass Market
La Maison Du Chocolat (Valrhona),"Porcelana, Pariguan",346,2009,France,3.5,Criollo (Porcelana),Venezuela,69.0,False,False,True,Medium (60-75%),3.325,Standard,3.2453271028037385,62.3,True,Good,Europe,1,Mass Market
La Maison Du Chocolat (Valrhona),Kuruba,439,2009,France,3.0,,,60.0,False,False,False,Medium (60-75%),3.325,Standard,,,False,Average,Europe,1,Mass Market
La Maison Du Chocolat (Valrhona),Orinoco,445,2009,France,3.75,,,60.0,False,False,True,Medium (60-75%),3.325,Standard,,,False,Outstanding,Europe,1,Mass Market
La Maison Du Chocolat (Valrhona),"Cuana, 2008",230,2008,France,3.5,Blend,"Ven., Indonesia, Ecuad.",74.0,False,False,True,Medium (60-75%),3.325,Standard,3.5,75.0,True,Good,Europe,1,Mass Market
La Oroquidea,Peruvian Amazon,721,2011,Peru,2.5,,Peru,72.0,False,False,False,Medium (60-75%),2.5,Low-Rated,3.137878787878788,56.9,False,Below Average,South America,2,Experimental
La Pepa De Oro,Vinces,713,2011,Ecuador,3.25,,Ecuador,60.0,False,False,False,Medium (60-75%),3.25,Standard,3.134715025906736,56.7,False,Good,South America,1,Mass Market
Laia Aka Chat-Noir,"Madagascar, Batch 59/100",1590,2015,France,2.75,Trinitario,Madagascar,75.0,False,False,False,Medium (60-75%),3.075,Standard,3.2655172413793103,63.3,True,Average,Europe,2,Experimental
Laia Aka Chat-Noir,"Vietnam, Batch 50/100",1590,2015,France,2.75,Trinitario,Vietnam,75.0,False,False,False,Medium (60-75%),3.075,Standard,3.3157894736842106,65.8,True,Average,Europe,2,Experimental
Laia Aka Chat-Noir,"Cuba, Batch 59/100",1590,2015,France,3.0,,Cuba,75.0,False,False,False,Medium (60-75%),3.075,Standard,3.25,62.5,True,Average,Europe,0,Premium
Laia Aka Chat-Noir,"Peru, Batch 51/100",1590,2015,France,3.25,,Peru,75.0,False,False,False,Medium (60-75%),3.075,Standard,3.137878787878788,56.9,False,Good,Europe,0,Premium
Laia Aka Chat-Noir,"Ivory Coast, Batch 56/100",1594,2015,France,3.0,,Cote D Ivoire,75.0,False,False,False,Medium (60-75%),3.075,Standard,2.8,40.0,False,Average,Europe,0,Premium
Laia Aka Chat-Noir,"Sao Tome, Batch 151",1638,2015,France,3.5,Forastero,Sao Tome,75.0,False,False,True,Medium (60-75%),3.075,Standard,3.175,58.7,False,Good,Europe,0,Premium
Laia Aka Chat-Noir,"Bahia, Batch 148",1642,2015,France,3.25,,Brazil,75.0,False,False,False,Medium (60-75%),3.075,Standard,3.284482758620689,64.2,True,Good,Europe,0,Premium
Laia Aka Chat-Noir,"Lam Dong, Batch 153",1642,2015,France,3.75,Trinitario,Vietnam,75.0,False,False,True,Medium (60-75%),3.075,Standard,3.3157894736842106,65.8,True,Outstanding,Europe,0,Premium
Laia Aka Chat-Noir,Cuba,1434,2014,France,2.75,,Cuba,70.0,False,False,False,Medium (60-75%),3.075,Standard,3.25,62.5,True,Average,Europe,0,Premium
Laia Aka Chat-Noir,Trinidad-Tobago,1438,2014,France,2.75,,Trinidad-Tobago,68.0,False,False,False,Medium (60-75%),3.075,Standard,2.75,37.5,False,Average,Europe,0,Premium
Lajedo Do Ouro,Catongo,927,2012,Brazil,3.5,Forastero (Catongo),Brazil,70.0,False,False,True,Medium (60-75%),3.5,Elite,3.284482758620689,64.2,True,Good,South America,0,Premium
Lake Champlain (Callebaut),Tanzania,327,2009,USA,2.5,,Tanzania,75.0,False,False,False,Medium (60-75%),2.5,Low-Rated,3.2058823529411766,60.3,False,Below Average,North America,2,Experimental
L'Amourette,Rugoso,1784,2016,USA,3.5,Trinitario,Nicaragua,80.0,False,False,True,High (>75%),3.125,Standard,3.2,60.0,False,Good,North America,0,Premium
L'Amourette,Carenero Superior,833,2012,USA,3.0,Trinitario,Venezuela,75.0,False,False,False,Medium (60-75%),3.125,Standard,3.2453271028037385,62.3,True,Average,North America,2,Experimental
L'Amourette,Rio Caribe,833,2012,USA,3.0,Trinitario,Venezuela,75.0,False,False,False,Medium (60-75%),3.125,Standard,3.2453271028037385,62.3,True,Average,North America,2,Experimental
L'Amourette,Blend,853,2012,USA,3.0,Criollo,"Peru, Ecuador, Venezuela",72.0,False,False,False,Medium (60-75%),3.125,Standard,3.0,50.0,False,Average,North America,0,Premium
Letterpress,"La Masica, Batch 7, Fhia",1952,2017,USA,3.5,,Honduras,70.0,False,False,True,Medium (60-75%),3.333333333333333,Standard,3.35,67.5,True,Good,North America,0,Premium
Letterpress,"Maya Mtn, Batch 18, Heirloom",1952,2017,USA,3.25,,Belize,70.0,False,False,False,Medium (60-75%),3.333333333333333,Standard,3.2346938775510203,61.7,False,Good,North America,0,Premium
Letterpress,Liberia,1728,2016,USA,3.25,,Liberia,70.0,False,False,False,Medium (60-75%),3.333333333333333,Standard,3.083333333333333,54.2,False,Good,North America,0,Premium
Letterpress,Beniamo,1562,2015,USA,3.25,,Bolivia,70.0,False,False,False,Medium (60-75%),3.333333333333333,Standard,3.1973684210526314,59.9,False,Good,North America,0,Premium
Letterpress,"San Juan Estate, Gran Couva",1562,2015,USA,3.5,Trinitario,Trinidad,70.0,False,False,True,Medium (60-75%),3.333333333333333,Standard,3.2045454545454546,60.2,False,Good,North America,0,Premium
Letterpress,San Andres,1566,2015,USA,3.0,,Costa Rica,70.0,False,False,False,Medium (60-75%),3.333333333333333,Standard,3.1447368421052637,57.2,False,Average,North America,0,Premium
Letterpress,"La Red, Guaconejo",1566,2015,USA,3.25,,Dominican Republic,70.0,False,False,False,Medium (60-75%),3.333333333333333,Standard,3.2063253012048194,60.3,False,Good,North America,0,Premium
Letterpress,Kokoa Kamili,1566,2015,USA,3.5,,Tanzania,70.0,False,False,True,Medium (60-75%),3.333333333333333,Standard,3.2058823529411766,60.3,False,Good,North America,0,Premium
Letterpress,Maranura,1371,2014,USA,3.5,Forastero (Nacional),Peru,70.0,False,False,True,Medium (60-75%),3.333333333333333,Standard,3.137878787878788,56.9,False,Good,North America,0,Premium
Levy,Sambirano,1231,2014,Finland,3.5,Criollo,Madagascar,71.0,False,False,True,Medium (60-75%),3.5,Elite,3.2655172413793103,63.3,True,Good,Europe,0,Premium
Lilla,Madagascar,1856,2016,Finland,3.0,Trinitario,Madagascar,70.0,False,False,False,Medium (60-75%),3.0,Standard,3.2655172413793103,63.3,True,Average,Europe,0,Premium
Lillie Belle,Perfect Illusion,855,2012,USA,3.5,Criollo,Peru,65.0,False,False,True,Medium (60-75%),3.333333333333333,Standard,3.137878787878788,56.9,False,Good,North America,0,Premium
Lillie Belle,"Bolivia, Wild Thing",903,2012,USA,3.5,Criollo,Bolivia,68.0,False,False,True,Medium (60-75%),3.333333333333333,Standard,3.1973684210526314,59.9,False,Good,North America,0,Premium
Lillie Belle,La Selva,903,2012,USA,3.75,,Peru,68.0,False,False,True,Medium (60-75%),3.333333333333333,Standard,3.137878787878788,56.9,False,Outstanding,North America,0,Premium
Lillie Belle,Purple Haze,947,2012,USA,2.75,,"Venezuela, Dom. Rep.",75.0,False,False,False,Medium (60-75%),3.333333333333333,Standard,2.75,37.5,False,Average,North America,2,Experimental
Lillie Belle,"The Other One, Grand Cru",947,2012,USA,3.0,,Dominican Republic,74.0,False,False,False,Medium (60-75%),3.333333333333333,Standard,3.2063253012048194,60.3,False,Average,North America,2,Experimental
Lillie Belle,Wild Thing,947,2012,USA,3.5,Criollo,Bolivia,68.0,False,False,True,Medium (60-75%),3.333333333333333,Standard,3.1973684210526314,59.9,False,Good,North America,0,Premium
Lindt & Sprungli,Excellence (Us Version),157,2007,Switzerland,3.0,,,85.0,False,False,False,High (>75%),3.0,Standard,,,False,Average,Europe,2,Experimental
Loiza,Puerto Rico,1049,2013,Puerto Rico,2.5,,Puerto Rico,65.0,False,False,False,Medium (60-75%),2.5,Low-Rated,2.5,25.0,False,Below Average,Other,0,Premium
Lonohana,"Haleiwa, O'Ahu; Lonohana E., Kanahiku",1383,2014,USA,3.75,,Hawaii,70.0,False,False,True,Medium (60-75%),3.375,Standard,3.2142857142857144,60.7,False,Outstanding,North America,0,Premium
Lonohana,"Haleiwa E, O'Ahu, 2014",1395,2014,USA,3.25,,Hawaii,65.0,False,False,False,Medium (60-75%),3.375,Standard,3.2142857142857144,60.7,False,Good,North America,0,Premium
Lonohana,"Haleiwa E, O'Ahu, 2014",1395,2014,USA,3.75,,Hawaii,75.0,False,False,True,Medium (60-75%),3.375,Standard,3.2142857142857144,60.7,False,Outstanding,North America,0,Premium
Lonohana,"Opaeula Estate, O'Ahu, Nene, Cg Exclusive",1093,2013,USA,3.0,,Hawaii,71.0,False,False,False,Medium (60-75%),3.375,Standard,3.2142857142857144,60.7,False,Average,North America,0,Premium
Lonohana,"Opaeula Estate, O'Ahu, Ele'Ele",1097,2013,USA,3.0,,Hawaii,72.0,False,False,False,Medium (60-75%),3.375,Standard,3.2142857142857144,60.7,False,Average,North America,0,Premium
Lonohana,"Hawaiian Crown, Kona Vanilla",1097,2013,USA,3.5,,Hawaii,70.0,False,False,True,Medium (60-75%),3.375,Standard,3.2142857142857144,60.7,False,Good,North America,0,Premium
Love Bar,Nicaragua,1502,2015,USA,2.0,,Nicaragua,75.0,False,False,False,Medium (60-75%),2.0,Low-Rated,3.2,60.0,False,Below Average,North America,2,Experimental
Luker,Selva,552,2010,Colombia,2.75,,"Colombia, Ecuador",46.0,False,True,False,Low (<60%),3.0625,Standard,2.9166666666666665,45.8,False,Average,South America,1,Mass Market
Luker,Macondo,552,2010,Colombia,3.0,,"Colombia, Ecuador",60.0,False,False,False,Medium (60-75%),3.0625,Standard,2.9166666666666665,45.8,False,Average,South America,1,Mass Market
Luker,Misterio,552,2010,Colombia,3.0,,"Colombia, Ecuador",58.0,False,False,False,Low (<60%),3.0625,Standard,2.9166666666666665,45.8,False,Average,South America,1,Mass Market
Luker,Santander,552,2010,Colombia,3.5,,Colombia,65.0,False,False,True,Medium (60-75%),3.0625,Standard,3.225,61.3,False,Good,South America,1,Mass Market
Machu Picchu Trading Co.,Peru,721,2011,Peru,1.5,,Peru,70.0,False,False,False,Medium (60-75%),1.875,Low-Rated,3.137878787878788,56.9,False,Poor,South America,2,Experimental
Machu Picchu Trading Co.,Peru,552,2010,Peru,2.25,,Peru,55.0,False,False,False,Low (<60%),1.875,Low-Rated,3.137878787878788,56.9,False,Below Average,South America,1,Mass Market
Madecasse (Cinagra),Madagascar,284,2008,Madagascar,3.5,Trinitario,Madagascar,67.0,False,False,True,Medium (60-75%),3.6875,Elite,3.2655172413793103,63.3,True,Good,Africa,1,Mass Market
Madecasse (Cinagra),Madagascar,284,2008,Madagascar,3.75,Trinitario,Madagascar,70.0,False,False,True,Medium (60-75%),3.6875,Elite,3.2655172413793103,63.3,True,Outstanding,Africa,1,Mass Market
Madecasse (Cinagra),Madagascar,284,2008,Madagascar,4.0,Trinitario,Madagascar,63.0,False,False,True,Medium (60-75%),3.6875,Elite,3.2655172413793103,63.3,True,Outstanding,Africa,1,Mass Market
Madecasse (Cinagra),Madagascar,288,2008,Madagascar,3.5,Trinitario,Madagascar,75.0,False,False,True,Medium (60-75%),3.6875,Elite,3.2655172413793103,63.3,True,Good,Africa,1,Mass Market
Madre,Guadalcanal,1940,2017,USA,3.5,,Solomon Islands,73.0,False,False,True,Medium (60-75%),3.022727272727273,Standard,3.4375,71.9,True,Good,North America,0,Premium
Madre,Puerto Rico,1085,2013,USA,2.75,,Puerto Rico,70.0,False,False,False,Medium (60-75%),3.022727272727273,Standard,2.5,25.0,False,Average,North America,0,Premium
Madre,Brazil,1085,2013,USA,3.5,,Brazil,70.0,False,False,True,Medium (60-75%),3.022727272727273,Standard,3.284482758620689,64.2,True,Good,North America,0,Premium
Madre,"Choobua, Kona",1089,2013,USA,2.75,,Hawaii,70.0,False,False,False,Medium (60-75%),3.022727272727273,Standard,3.2142857142857144,60.7,False,Average,North America,0,Premium
Madre,"Xocunusco, Chiapas, Pichucalco",1089,2013,USA,2.75,,Mexico,70.0,False,False,False,Medium (60-75%),3.022727272727273,Standard,3.0083333333333333,50.4,False,Average,North America,0,Premium
Madre,"Hamakua Coast, Kokoleka",991,2012,USA,3.25,,Hawaii,70.0,False,False,False,Medium (60-75%),3.022727272727273,Standard,3.2142857142857144,60.7,False,Good,North America,0,Premium
Madre,"Criollo, Hawaii",995,2012,USA,3.25,Criollo,Hawaii,70.0,False,False,False,Medium (60-75%),3.022727272727273,Standard,3.2142857142857144,60.7,False,Good,North America,0,Premium
Madre,Kaua'I,995,2012,USA,3.5,,Hawaii,70.0,False,False,True,Medium (60-75%),3.022727272727273,Standard,3.2142857142857144,60.7,False,Good,North America,0,Premium
Madre,Dominican,672,2011,USA,2.5,,Dominican Republic,70.0,False,False,False,Medium (60-75%),3.022727272727273,Standard,3.2063253012048194,60.3,False,Below Average,North America,2,Experimental
Madre,Upala,693,2011,USA,2.75,,Costa Rica,70.0,False,False,False,Medium (60-75%),3.022727272727273,Standard,3.1447368421052637,57.2,False,Average,North America,1,Mass Market
Madre,"Chiapas, Triple Cacao",607,2010,USA,2.75,,Mexico,72.0,False,False,False,Medium (60-75%),3.022727272727273,Standard,3.0083333333333333,50.4,False,Average,North America,2,Experimental
Maglio,Africa,300,2008,Italy,2.0,,Tanzania,75.0,False,False,False,Medium (60-75%),3.0,Standard,3.2058823529411766,60.3,False,Below Average,Europe,2,Experimental
Maglio,Ecuador,308,2008,Italy,3.0,Forastero (Nacional),Ecuador,70.0,False,False,False,Medium (60-75%),3.0,Standard,3.134715025906736,56.7,False,Average,Europe,1,Mass Market
Maglio,Cuba,308,2008,Italy,3.25,Criollo,Cuba,70.0,False,False,False,Medium (60-75%),3.0,Standard,3.25,62.5,True,Good,Europe,1,Mass Market
Maglio,Santo Domingo,308,2008,Italy,3.75,"Blend-Forastero,Criollo",Dominican Republic,70.0,False,False,True,Medium (60-75%),3.0,Standard,3.2063253012048194,60.3,False,Outstanding,Europe,1,Mass Market
Majani,Ecuador,531,2010,Italy,2.0,,Ecuador,70.0,False,False,False,Medium (60-75%),2.0,Low-Rated,3.134715025906736,56.7,False,Below Average,Europe,2,Experimental
Malagasy (Chocolaterie Robert),Sambirano 2006,184,2007,Madagascar,2.75,Trinitario,Madagascar,75.0,False,False,False,Medium (60-75%),3.125,Standard,3.2655172413793103,63.3,True,Average,Africa,1,Mass Market
Malagasy (Chocolaterie Robert),Mora Mora 2006,184,2007,Madagascar,3.5,Trinitario,Madagascar,73.0,False,False,True,Medium (60-75%),3.125,Standard,3.2655172413793103,63.3,True,Good,Africa,1,Mass Market
Malagos,"Davao, Mt. Talamo Foothills",1121,2013,Philippines,3.5,Trinitario,Philippines,65.0,False,False,True,Medium (60-75%),3.5,Elite,3.0,50.0,False,Good,Asia-Pacific,0,Premium
Malie Kai (Guittard),"O'Ahu, N. Shore, Waialua Estate W/ Nibs",502,2010,USA,3.5,,Hawaii,55.0,False,False,True,Low (<60%),3.125,Standard,3.2142857142857144,60.7,False,Good,North America,1,Mass Market
Malie Kai (Guittard),"O'Ahu, N. Shore, Waialua Estate",311,2009,USA,2.75,Blend,Hawaii,55.0,False,False,False,Low (<60%),3.125,Standard,3.2142857142857144,60.7,False,Average,North America,1,Mass Market
Malmo,Chuao,1856,2016,Sweden,3.0,,Venezuela,70.0,False,False,False,Medium (60-75%),3.0,Standard,3.2453271028037385,62.3,True,Average,Europe,0,Premium
Mana,Ecuador,1446,2015,USA,2.5,,Ecuador,74.0,False,False,False,Medium (60-75%),2.875,Low-Rated,3.134715025906736,56.7,False,Below Average,North America,2,Experimental
Mana,Peru,1219,2014,USA,2.5,,Peru,74.0,False,False,False,Medium (60-75%),2.875,Low-Rated,3.137878787878788,56.9,False,Below Average,North America,2,Experimental
Mana,Venezuela,1219,2014,USA,2.75,,Venezuela,74.0,False,False,False,Medium (60-75%),2.875,Low-Rated,3.2453271028037385,62.3,True,Average,North America,2,Experimental
Mana,Conacado,821,2012,USA,3.75,,Dominican Republic,74.0,False,False,True,Medium (60-75%),2.875,Low-Rated,3.2063253012048194,60.3,False,Outstanding,North America,0,Premium
Manifesto Cacao,Colombia,1331,2014,Colombia,2.75,,Colombia,70.0,False,False,False,Medium (60-75%),2.75,Low-Rated,3.225,61.3,False,Average,South America,0,Premium
Manoa,Markham Valley,1522,2015,USA,3.5,,Papua New Guinea,72.0,False,False,True,Medium (60-75%),3.321428571428572,Standard,3.2916666666666665,64.6,True,Good,North America,0,Premium
Manoa,Coto Brus,1522,2015,USA,3.75,,Costa Rica,72.0,False,False,True,Medium (60-75%),3.321428571428572,Standard,3.1447368421052637,57.2,False,Outstanding,North America,0,Premium
Manoa,"Waiahole, O'Ahu",1089,2013,USA,3.75,,Hawaii,72.0,False,False,True,Medium (60-75%),3.321428571428572,Standard,3.2142857142857144,60.7,False,Outstanding,North America,0,Premium
Manoa,"Liberia, #174",1003,2012,USA,3.25,,Liberia,72.0,False,False,False,Medium (60-75%),3.321428571428572,Standard,3.083333333333333,54.2,False,Good,North America,0,Premium
Manoa,"Hamakua, Hawaiian Crown, #176",1007,2012,USA,2.75,,Hawaii,72.0,False,False,False,Medium (60-75%),3.321428571428572,Standard,3.2142857142857144,60.7,False,Average,North America,2,Experimental
Manoa,Piura,1007,2012,USA,3.0,,Peru,72.0,False,False,False,Medium (60-75%),3.321428571428572,Standard,3.137878787878788,56.9,False,Average,North America,0,Premium
Manoa,"Oahu, Winward, #151, Maunawili District",1007,2012,USA,3.25,,Hawaii,72.0,False,False,False,Medium (60-75%),3.321428571428572,Standard,3.2142857142857144,60.7,False,Good,North America,0,Premium
Manufaktura Czekolady,Johe,1844,2016,Poland,3.75,,Nicaragua,70.0,False,False,True,Medium (60-75%),3.5,Elite,3.2,60.0,False,Outstanding,Europe,0,Premium
Manufaktura Czekolady,Peru,1848,2016,Poland,3.5,,Peru,70.0,False,False,True,Medium (60-75%),3.5,Elite,3.137878787878788,56.9,False,Good,Europe,0,Premium
Manufaktura Czekolady,Porcelana,1255,2014,Poland,3.75,Criollo,Venezuela,70.0,False,False,True,Medium (60-75%),3.5,Elite,3.2453271028037385,62.3,True,Outstanding,Europe,0,Premium
Manufaktura Czekolady,Kolumbia,1279,2014,Poland,3.5,,Colombia,85.0,False,False,True,High (>75%),3.5,Elite,3.225,61.3,False,Good,Europe,2,Experimental
Manufaktura Czekolady,Grand Cru Dominican Republic,871,2012,Poland,3.25,,Dominican Republic,70.0,False,False,False,Medium (60-75%),3.5,Elite,3.2063253012048194,60.3,False,Good,Europe,0,Premium
Manufaktura Czekolady,Grand Cru Ghana,871,2012,Poland,3.5,Forastero,Ghana,70.0,False,False,True,Medium (60-75%),3.5,Elite,3.090909090909091,54.5,False,Good,Europe,0,Premium
Manufaktura Czekolady,Grand Cru Ecuador,875,2012,Poland,3.25,,Ecuador,70.0,False,False,False,Medium (60-75%),3.5,Elite,3.134715025906736,56.7,False,Good,Europe,0,Premium
Map Chocolate,"Ben Tre, Surprise Valley",1896,2016,USA,3.25,Trinitario,Vietnam,75.0,False,False,False,Medium (60-75%),3.275,Standard,3.3157894736842106,65.8,True,Good,North America,0,Premium
Map Chocolate,"Roig, 2014",1474,2015,USA,3.5,"Criollo, Trinitario",Dominican Republic,70.0,False,False,True,Medium (60-75%),3.275,Standard,3.2063253012048194,60.3,False,Good,North America,0,Premium
Map Chocolate,"Maranon, 2014",1474,2015,USA,3.5,Forastero (Nacional),Peru,62.0,False,False,True,Medium (60-75%),3.275,Standard,3.137878787878788,56.9,False,Good,North America,0,Premium
Map Chocolate,Ecuador,1478,2015,USA,3.5,Trinitario,Ecuador,70.0,False,False,True,Medium (60-75%),3.275,Standard,3.134715025906736,56.7,False,Good,North America,0,Premium
Map Chocolate,"San Juan Estate, Cherry Blossoms At Night",1606,2015,USA,2.75,Trinitario,Trinidad,70.0,False,False,False,Medium (60-75%),3.275,Standard,3.2045454545454546,60.2,False,Average,North America,0,Premium
Map Chocolate,"A Case Of The Xerces Blues, Triple Roast",1606,2015,USA,3.5,,Nicaragua,70.0,False,False,True,Medium (60-75%),3.275,Standard,3.2,60.0,False,Good,North America,0,Premium
Map Chocolate,"Tumbes, Dear Mr. Finley, 2014",1606,2015,USA,3.5,Criollo,Peru,68.0,False,False,True,Medium (60-75%),3.275,Standard,3.137878787878788,56.9,False,Good,North America,0,Premium
Map Chocolate,Colombia,1610,2015,USA,2.75,,Colombia,75.0,False,False,False,Medium (60-75%),3.275,Standard,3.225,61.3,False,Average,North America,2,Experimental
Map Chocolate,"Kakoa Kamili, Both Man & Bird & Beast",1610,2015,USA,3.0,,Tanzania,72.0,False,False,False,Medium (60-75%),3.275,Standard,3.2058823529411766,60.3,False,Average,North America,0,Premium
Map Chocolate,Le Chocolat Chaud,1634,2015,USA,3.5,,Honduras,78.0,False,False,True,High (>75%),3.275,Standard,3.35,67.5,True,Good,North America,0,Premium
Marana,Piura,1872,2016,Peru,3.0,,Peru,70.0,False,False,False,Medium (60-75%),2.9166666666666665,Low-Rated,3.137878787878788,56.9,False,Average,South America,0,Premium
Marana,Cusco,1884,2016,Peru,2.75,,Peru,70.0,False,False,False,Medium (60-75%),2.9166666666666665,Low-Rated,3.137878787878788,56.9,False,Average,South America,0,Premium
Marana,San Martin,1884,2016,Peru,3.0,,Peru,70.0,False,False,False,Medium (60-75%),2.9166666666666665,Low-Rated,3.137878787878788,56.9,False,Average,South America,0,Premium
Marigold'S Finest,Cacao Nib Crunch,1808,2016,Canada,3.25,,,75.0,False,False,False,Medium (60-75%),3.25,Standard,,,False,Good,North America,0,Premium
Marou,"Tan Phu Dong Island, Heart Of Darkness",1650,2015,Vietnam,3.25,Trinitario,Vietnam,85.0,False,False,False,High (>75%),3.45,Elite,3.3157894736842106,65.8,True,Good,Asia-Pacific,2,Experimental
Marou,Ben Tre,1650,2015,Vietnam,3.5,Trinitario,Vietnam,68.0,False,False,True,Medium (60-75%),3.45,Elite,3.3157894736842106,65.8,True,Good,Asia-Pacific,0,Premium
Marou,"Dak Lak, Batch 2451",1650,2015,Vietnam,3.75,Trinitario,Vietnam,70.0,False,False,True,Medium (60-75%),3.45,Elite,3.3157894736842106,65.8,True,Outstanding,Asia-Pacific,0,Premium
Marou,"Tan Phu Dong, Treasure Island",1149,2013,Vietnam,3.5,Trinitario,Vietnam,75.0,False,False,True,Medium (60-75%),3.45,Elite,3.3157894736842106,65.8,True,Good,Asia-Pacific,0,Premium
Marou,Ba Ria,845,2012,Vietnam,3.5,Trinitario,Vietnam,76.0,False,False,True,High (>75%),3.45,Elite,3.3157894736842106,65.8,True,Good,Asia-Pacific,0,Premium
Marou,Dong Nai,845,2012,Vietnam,3.5,Trinitario,Vietnam,72.0,False,False,True,Medium (60-75%),3.45,Elite,3.3157894736842106,65.8,True,Good,Asia-Pacific,0,Premium
Marou,"Tien Giang, Gao Co-Op",845,2012,Vietnam,3.5,Trinitario,Vietnam,70.0,False,False,True,Medium (60-75%),3.45,Elite,3.3157894736842106,65.8,True,Good,Asia-Pacific,0,Premium
Marou,Ben Tre,849,2012,Vietnam,3.5,Trinitario,Vietnam,78.0,False,False,True,High (>75%),3.45,Elite,3.3157894736842106,65.8,True,Good,Asia-Pacific,0,Premium
Marou,Tien Giang,895,2012,Vietnam,3.0,Trinitario,Vietnam,80.0,False,False,False,High (>75%),3.45,Elite,3.3157894736842106,65.8,True,Average,Asia-Pacific,2,Experimental
Marou,Lam Dong,955,2012,Vietnam,3.5,Trinitario,Vietnam,74.0,False,False,True,Medium (60-75%),3.45,Elite,3.3157894736842106,65.8,True,Good,Asia-Pacific,0,Premium
Mars,"Matina 1-6, Prototype",537,2010,USA,3.0,,Costa Rica,65.0,False,False,False,Medium (60-75%),3.1875,Standard,3.1447368421052637,57.2,False,Average,North America,1,Mass Market
Mars,Ivory Coast,544,2010,USA,3.0,,Cote D Ivoire,65.0,False,False,False,Medium (60-75%),3.1875,Standard,2.8,40.0,False,Average,North America,1,Mass Market
Mars,Nigeria,544,2010,USA,3.25,,Nigeria,65.0,False,False,False,Medium (60-75%),3.1875,Standard,3.25,62.5,True,Good,North America,1,Mass Market
Mars,"Ghana, Prototype",544,2010,USA,3.5,Forastero,Ghana,65.0,False,False,True,Medium (60-75%),3.1875,Standard,3.090909090909091,54.5,False,Good,North America,1,Mass Market
Marsatta,Dominican Republic,1189,2013,USA,2.25,,Dominican Republic,74.0,False,False,False,Medium (60-75%),2.375,Low-Rated,3.2063253012048194,60.3,False,Below Average,North America,2,Experimental
Marsatta,Dominican Republic,1189,2013,USA,2.5,,Dominican Republic,89.0,False,False,False,High (>75%),2.375,Low-Rated,3.2063253012048194,60.3,False,Below Average,North America,2,Experimental
Martin Mayer,Alto Beni,1836,2016,Austria,2.75,,Bolivia,76.0,False,False,False,High (>75%),3.0,Standard,3.1973684210526314,59.9,False,Average,Europe,2,Experimental
Martin Mayer,Pisa,1836,2016,Austria,3.0,,Haiti,82.0,False,False,False,High (>75%),3.0,Standard,3.388888888888889,69.4,True,Average,Europe,2,Experimental
Martin Mayer,Tumaco,1836,2016,Austria,3.25,,Colombia,74.0,False,False,False,Medium (60-75%),3.0,Standard,3.225,61.3,False,Good,Europe,0,Premium
Mast Brothers,Guatemala,1450,2015,USA,3.0,,Guatemala,76.0,False,False,False,High (>75%),3.125,Standard,3.321428571428572,66.1,True,Average,North America,0,Premium
Mast Brothers,Tanzania,1450,2015,USA,3.25,,Tanzania,74.0,False,False,False,Medium (60-75%),3.125,Standard,3.2058823529411766,60.3,False,Good,North America,0,Premium
Mast Brothers,French Laundry 20Th Anniversary,1359,2014,USA,3.75,Blend,"Peru, Belize",75.0,False,False,True,Medium (60-75%),3.125,Standard,3.75,87.5,True,Outstanding,North America,0,Premium
Mast Brothers,Shake Shack,959,2012,USA,3.5,Blend,"Peru, Mad., Dom. Rep.",73.0,False,False,True,Medium (60-75%),3.125,Standard,3.5,75.0,True,Good,North America,0,Premium
Mast Brothers,Madagascar,999,2012,USA,2.5,Trinitario,Unknown,72.0,False,False,False,Medium (60-75%),3.125,Standard,2.5,25.0,False,Below Average,North America,2,Experimental
Mast Brothers,Chuao,999,2012,USA,2.75,Trinitario,Venezuela,73.0,False,False,False,Medium (60-75%),3.125,Standard,3.2453271028037385,62.3,True,Average,North America,2,Experimental
Mast Brothers,Brooklyn Blend,672,2011,USA,3.5,,,72.0,False,False,True,Medium (60-75%),3.125,Standard,,,False,Good,North America,1,Mass Market
Mast Brothers,"Chuao, Med. Roast",701,2011,USA,3.0,Trinitario,Venezuela,76.0,False,False,False,High (>75%),3.125,Standard,3.2453271028037385,62.3,True,Average,North America,2,Experimental
Mast Brothers,"Chuao, Dark Roast",709,2011,USA,3.0,Trinitario,Venezuela,70.0,False,False,False,Medium (60-75%),3.125,Standard,3.2453271028037385,62.3,True,Average,North America,1,Mass Market
Mast Brothers,"Chuao, Light Roast",713,2011,USA,2.75,Trinitario,Venezuela,81.0,False,False,False,High (>75%),3.125,Standard,3.2453271028037385,62.3,True,Average,North America,2,Experimental
Mast Brothers,Moho River,773,2011,USA,3.5,Trinitario,Belize,70.0,False,False,True,Medium (60-75%),3.125,Standard,3.2346938775510203,61.7,False,Good,North America,1,Mass Market
Mast Brothers,Papua New Guinea,777,2011,USA,2.75,,Papua New Guinea,71.0,False,False,False,Medium (60-75%),3.125,Standard,3.2916666666666665,64.6,True,Average,North America,2,Experimental
Mast Brothers,San Martin,777,2011,USA,3.0,,Peru,75.0,False,False,False,Medium (60-75%),3.125,Standard,3.137878787878788,56.9,False,Average,North America,2,Experimental
Mast Brothers,Conacado,777,2011,USA,3.25,,Dominican Republic,73.0,False,False,False,Medium (60-75%),3.125,Standard,3.2063253012048194,60.3,False,Good,North America,1,Mass Market
Mast Brothers,"La Red De Guanconejo, N. Highlands Coop",777,2011,USA,3.75,,Dominican Republic,74.0,False,False,True,Medium (60-75%),3.125,Standard,3.2063253012048194,60.3,False,Outstanding,North America,1,Mass Market
Mast Brothers,Patanemo,572,2010,USA,2.75,Criollo,Venezuela,81.0,False,False,False,High (>75%),3.125,Standard,3.2453271028037385,62.3,True,Average,North America,2,Experimental
Mast Brothers,Ocumare De La Costa,572,2010,USA,3.0,,Venezuela,75.0,False,False,False,Medium (60-75%),3.125,Standard,3.2453271028037385,62.3,True,Average,North America,2,Experimental
Mast Brothers,"Dominican Republic, Coop",572,2010,USA,3.25,,Dominican Republic,70.0,False,False,False,Medium (60-75%),3.125,Standard,3.2063253012048194,60.3,False,Good,North America,1,Mass Market
Matale,"Malekula P., 2013",1177,2013,Australia,3.5,Trinitario,Vanuatu,72.0,False,False,True,Medium (60-75%),3.8125,Elite,3.25,62.5,True,Good,Asia-Pacific,0,Premium
Matale,"Somia, 2013",1177,2013,Australia,4.0,Trinitario,Madagascar,68.0,False,False,True,Medium (60-75%),3.8125,Elite,3.2655172413793103,63.3,True,Outstanding,Asia-Pacific,0,Premium
Matale,"Kulili P., 2013",1177,2013,Australia,4.0,Trinitario,Papua New Guinea,74.0,False,False,True,Medium (60-75%),3.8125,Elite,3.2916666666666665,64.6,True,Outstanding,Asia-Pacific,0,Premium
Matale,Blend,1181,2013,Australia,3.75,Trinitario,"Png, Vanuatu, Mad",70.0,False,False,True,Medium (60-75%),3.8125,Elite,3.75,87.5,True,Outstanding,Asia-Pacific,0,Premium
Maverick,Maya Mountain,1367,2014,USA,3.25,Trinitario,Belize,70.0,False,False,False,Medium (60-75%),3.3125,Standard,3.2346938775510203,61.7,False,Good,North America,0,Premium
Maverick,Elvesia,1367,2014,USA,3.25,,Dominican Republic,70.0,False,False,False,Medium (60-75%),3.3125,Standard,3.2063253012048194,60.3,False,Good,North America,0,Premium
Maverick,Tumbes,1430,2014,USA,3.25,Criollo,Peru,82.0,False,False,False,High (>75%),3.3125,Standard,3.137878787878788,56.9,False,Good,North America,2,Experimental
Maverick,"Morropon, Norandiono Coop, Piura",1430,2014,USA,3.5,Criollo,Peru,63.0,False,False,True,Medium (60-75%),3.3125,Standard,3.137878787878788,56.9,False,Good,North America,0,Premium
Mayacama,Hispaniola,1728,2016,USA,3.0,,Dominican Republic,72.0,False,False,False,Medium (60-75%),3.0,Standard,3.2063253012048194,60.3,False,Average,North America,0,Premium
Meadowlands,Bolivia,1287,2014,USA,2.5,,Bolivia,70.0,False,False,False,Medium (60-75%),2.95,Low-Rated,3.1973684210526314,59.9,False,Below Average,North America,2,Experimental
Meadowlands,Venezuela,1287,2014,USA,2.75,,Venezuela,70.0,False,False,False,Medium (60-75%),2.95,Low-Rated,3.2453271028037385,62.3,True,Average,North America,0,Premium
Meadowlands,Belize,1287,2014,USA,3.0,Trinitario,Belize,70.0,False,False,False,Medium (60-75%),2.95,Low-Rated,3.2346938775510203,61.7,False,Average,North America,0,Premium
Meadowlands,"Nicaragua, W/ Inbs",1291,2014,USA,3.0,,Nicaragua,70.0,False,False,False,Medium (60-75%),2.95,Low-Rated,3.2,60.0,False,Average,North America,0,Premium
Meadowlands,Dominican Republic,1291,2014,USA,3.5,,Dominican Republic,70.0,False,False,True,Medium (60-75%),2.95,Low-Rated,3.2063253012048194,60.3,False,Good,North America,0,Premium
Menakao (Aka Cinagra),Madagascar,837,2012,Madagascar,2.5,Trinitario,Madagascar,80.0,False,False,False,High (>75%),2.5,Low-Rated,3.2655172413793103,63.3,True,Below Average,Africa,2,Experimental
Menakao (Aka Cinagra),Madagascar,841,2012,Madagascar,2.5,Trinitario,Madagascar,72.0,False,False,False,Medium (60-75%),2.5,Low-Rated,3.2655172413793103,63.3,True,Below Average,Africa,2,Experimental
Mesocacao,El Salvador,1494,2015,Honduras,2.75,,El Salvador,80.0,False,False,False,High (>75%),3.208333333333333,Standard,2.875,43.8,False,Average,Central America,2,Experimental
Mesocacao,El Salvador,1494,2015,Honduras,3.0,,El Salvador,70.0,False,False,False,Medium (60-75%),3.208333333333333,Standard,2.875,43.8,False,Average,Central America,0,Premium
Mesocacao,Honduras,1347,2014,Honduras,3.25,,Honduras,80.0,False,False,False,High (>75%),3.208333333333333,Standard,3.35,67.5,True,Good,Central America,2,Experimental
Mesocacao,Honduras,1347,2014,Honduras,3.5,,Honduras,70.0,False,False,True,Medium (60-75%),3.208333333333333,Standard,3.35,67.5,True,Good,Central America,0,Premium
Mesocacao,"La Tronca, Matagalpa",1351,2014,Honduras,3.25,,Nicaragua,70.0,False,False,False,Medium (60-75%),3.208333333333333,Standard,3.2,60.0,False,Good,Central America,0,Premium
Mesocacao,"La Tronca, Matagalpa",1351,2014,Honduras,3.5,,Nicaragua,80.0,False,False,True,High (>75%),3.208333333333333,Standard,3.2,60.0,False,Good,Central America,0,Premium
Metiisto,"Fazenda Sempre Firme P., Bahia",1267,2014,Sweden,3.0,,Brazil,70.0,False,False,False,Medium (60-75%),3.25,Standard,3.284482758620689,64.2,True,Average,Europe,0,Premium
Metiisto,Akesson Estate,1267,2014,Sweden,3.5,Trinitario,Madagascar,72.0,False,False,True,Medium (60-75%),3.25,Standard,3.2655172413793103,63.3,True,Good,Europe,0,Premium
Metropolitan,South America,1688,2015,Amsterdam,3.5,Trinitario,South America,70.0,False,False,True,Medium (60-75%),3.5,Elite,3.6666666666666665,83.3,True,Good,Europe,0,Premium
Michel Cluizel,"Chiapas, Mokaya P.",963,2012,France,3.75,,Mexico,66.0,False,False,True,Medium (60-75%),3.175,Standard,3.0083333333333333,50.4,False,Outstanding,Europe,0,Premium
Michel Cluizel,"Carenero Superior, Concepcion",117,2007,France,3.5,Trinitario,Venezuela,66.0,False,False,True,Medium (60-75%),3.175,Standard,3.2453271028037385,62.3,True,Good,Europe,1,Mass Market
Michel Cluizel,Vila Gracinda,135,2007,France,3.5,Forastero,Sao Tome,67.0,False,False,True,Medium (60-75%),3.175,Standard,3.175,58.7,False,Good,Europe,1,Mass Market
Michel Cluizel,Carre Amer,24,2006,France,2.0,,,60.0,False,False,False,Medium (60-75%),3.175,Standard,,,False,Below Average,Europe,1,Mass Market
Michel Cluizel,Carre Grand Noir,24,2006,France,2.0,,,85.0,False,False,False,High (>75%),3.175,Standard,,,False,Below Average,Europe,2,Experimental
Michel Cluizel,Tamarina,24,2006,France,3.0,Forastero,Sao Tome,70.0,False,False,False,Medium (60-75%),3.175,Standard,3.175,58.7,False,Average,Europe,1,Mass Market
Michel Cluizel,Los Ancones P.,24,2006,France,4.0,,Dominican Republic,67.0,False,False,True,Medium (60-75%),3.175,Standard,3.2063253012048194,60.3,False,Outstanding,Europe,1,Mass Market
Michel Cluizel,Mangaro P.,24,2006,France,4.0,Trinitario,Madagascar,65.0,False,False,True,Medium (60-75%),3.175,Standard,3.2655172413793103,63.3,True,Outstanding,Europe,1,Mass Market
Michel Cluizel,Maralumi P.,24,2006,France,4.0,,Papua New Guinea,64.0,False,False,True,Medium (60-75%),3.175,Standard,3.2916666666666665,64.6,True,Outstanding,Europe,1,Mass Market
Michel Cluizel,Noir Infini,81,2006,France,2.0,,,99.0,False,True,False,High (>75%),3.175,Standard,,,False,Below Average,Europe,2,Experimental
Middlebury,Maya Mountain,1490,2015,USA,3.5,Trinitario,Belize,80.0,False,False,True,High (>75%),3.0,Standard,3.2346938775510203,61.7,False,Good,North America,0,Premium
Middlebury,San Juan Estate,1490,2015,USA,3.5,Trinitario,Trinidad,70.0,False,False,True,Medium (60-75%),3.0,Standard,3.2045454545454546,60.2,False,Good,North America,0,Premium
Middlebury,Oko Caribe,1490,2015,USA,3.75,,Dominican Republic,75.0,False,False,True,Medium (60-75%),3.0,Standard,3.2063253012048194,60.3,False,Outstanding,North America,0,Premium
Middlebury,"Patanemo, Epoch, Donaldo",1490,2015,USA,3.75,,Venezuela,75.0,False,False,True,Medium (60-75%),3.0,Standard,3.2453271028037385,62.3,True,Outstanding,North America,0,Premium
Middlebury,Kokoa Kamili,1538,2015,USA,3.25,,Tanzania,75.0,False,False,False,Medium (60-75%),3.0,Standard,3.2058823529411766,60.3,False,Good,North America,0,Premium
Middlebury,"Matagalpa, Cacao Bisiesto",1538,2015,USA,3.5,,Nicaragua,70.0,False,False,True,Medium (60-75%),3.0,Standard,3.2,60.0,False,Good,North America,0,Premium
Middlebury,La Red,1117,2013,USA,2.5,,Dominican Republic,75.0,False,False,False,Medium (60-75%),3.0,Standard,3.2063253012048194,60.3,False,Below Average,North America,2,Experimental
Middlebury,Belize,1117,2013,USA,3.25,Trinitario,Belize,80.0,False,False,False,High (>75%),3.0,Standard,3.2346938775510203,61.7,False,Good,North America,2,Experimental
Middlebury,Houseblend,887,2012,USA,1.5,,,65.0,False,False,False,Medium (60-75%),3.0,Standard,,,False,Poor,North America,2,Experimental
Middlebury,Alto Beni,887,2012,USA,2.0,Criollo,Bolivia,75.0,False,False,False,Medium (60-75%),3.0,Standard,3.1973684210526314,59.9,False,Below Average,North America,2,Experimental
Middlebury,"Balinese, Java",887,2012,USA,2.5,Criollo,Indonesia,70.0,False,False,False,Medium (60-75%),3.0,Standard,3.1875,59.4,False,Below Average,North America,2,Experimental
Millcreek Cacao Roasters,Ecuador,1073,2013,USA,2.5,Forastero (Nacional),Ecuador,70.0,False,False,False,Medium (60-75%),3.0,Standard,3.134715025906736,56.7,False,Below Average,North America,2,Experimental
Millcreek Cacao Roasters,Ecuador,825,2012,USA,3.5,,Ecuador,70.0,False,False,True,Medium (60-75%),3.0,Standard,3.134715025906736,56.7,False,Good,North America,0,Premium
Mindo,Ecuador,607,2010,USA,2.75,,Ecuador,67.0,False,False,False,Medium (60-75%),2.75,Low-Rated,3.134715025906736,56.7,False,Average,North America,1,Mass Market
Mindo,Ecuador,607,2010,USA,2.75,,Ecuador,77.0,False,False,False,High (>75%),2.75,Low-Rated,3.134715025906736,56.7,False,Average,North America,2,Experimental
Minimal,"Acul-Du-Nord, 2015",1920,2016,Japan,3.5,"Criollo, Trinitario",Haiti,70.0,False,False,True,Medium (60-75%),3.5,Elite,3.388888888888889,69.4,True,Good,Asia-Pacific,0,Premium
Mission,"Fazenda Camboa, Bahia",1880,2016,Brazil,3.75,,Brazil,75.0,False,False,True,Medium (60-75%),3.625,Elite,3.284482758620689,64.2,True,Outstanding,South America,0,Premium
Mission,"Bahia, Fazenda Venturosa",1626,2015,Brazil,3.5,Forastero (Parazinho),Brazil,70.0,False,False,True,Medium (60-75%),3.625,Elite,3.284482758620689,64.2,True,Good,South America,0,Premium
Mita,Tumaco,955,2012,Colombia,2.5,,Colombia,65.0,False,False,False,Medium (60-75%),2.5,Low-Rated,3.225,61.3,False,Below Average,South America,1,Mass Market
Moho,"Toledo District, W/ Nibs",1026,2013,USA,3.25,Trinitario,Belize,73.0,False,False,False,Medium (60-75%),3.0,Standard,3.2346938775510203,61.7,False,Good,North America,0,Premium
Moho,Toledo District,1030,2013,USA,3.0,Trinitario,Belize,72.0,False,False,False,Medium (60-75%),3.0,Standard,3.2346938775510203,61.7,False,Average,North America,0,Premium
Moho,"Umoho R., Toledo District, San Felipe",607,2010,USA,2.75,Trinitario,Belize,67.0,False,False,False,Medium (60-75%),3.0,Standard,3.2346938775510203,61.7,False,Average,North America,1,Mass Market
Molucca,La Red,1614,2015,USA,3.0,,Dominican Republic,70.0,False,False,False,Medium (60-75%),3.0,Standard,3.2063253012048194,60.3,False,Average,North America,0,Premium
Molucca,Indonesia,1618,2015,USA,2.75,,Indonesia,70.0,False,False,False,Medium (60-75%),3.0,Standard,3.1875,59.4,False,Average,North America,0,Premium
Molucca,Peru,1618,2015,USA,3.25,,Peru,70.0,False,False,False,Medium (60-75%),3.0,Standard,3.137878787878788,56.9,False,Good,North America,0,Premium
Momotombo,Matagalpa,661,2011,Nicaragua,2.75,,Nicaragua,70.0,False,False,False,Medium (60-75%),2.9166666666666665,Low-Rated,3.2,60.0,False,Average,Central America,1,Mass Market
Momotombo,Mombacho,661,2011,Nicaragua,2.75,,Nicaragua,70.0,False,False,False,Medium (60-75%),2.9166666666666665,Low-Rated,3.2,60.0,False,Average,Central America,1,Mass Market
Momotombo,Oscuro,772,2011,Nicaragua,3.25,,Nicaragua,70.0,False,False,False,Medium (60-75%),2.9166666666666665,Low-Rated,3.2,60.0,False,Good,Central America,1,Mass Market
Monarque,Oko Caribe,1812,2016,Canada,3.5,,Dominican Republic,72.0,False,False,True,Medium (60-75%),3.5,Elite,3.2063253012048194,60.3,False,Good,North America,0,Premium
Monsieur Truffe,Papaua New Guinea,1391,2014,Australia,3.25,,Papua New Guinea,70.0,False,False,False,Medium (60-75%),3.25,Standard,3.2916666666666665,64.6,True,Good,Asia-Pacific,0,Premium
Montecristi,Manabi,1654,2015,Ecuador,3.25,,Ecuador,70.0,False,False,False,Medium (60-75%),3.4166666666666665,Elite,3.134715025906736,56.7,False,Good,South America,0,Premium
Montecristi,Manabi,1654,2015,Ecuador,3.5,,Ecuador,63.0,False,False,True,Medium (60-75%),3.4166666666666665,Elite,3.134715025906736,56.7,False,Good,South America,0,Premium
Montecristi,Manabi,1658,2015,Ecuador,3.5,,Ecuador,85.0,False,False,True,High (>75%),3.4166666666666665,Elite,3.134715025906736,56.7,False,Good,South America,2,Experimental
Muchomas (Mesocacao),Nicaragua,1462,2015,USA,3.5,,Nicaragua,70.0,False,False,True,Medium (60-75%),3.5,Elite,3.2,60.0,False,Good,North America,0,Premium
Muchomas (Mesocacao),Nicaragua,1462,2015,USA,3.5,,Nicaragua,80.0,False,False,True,High (>75%),3.5,Elite,3.2,60.0,False,Good,North America,0,Premium
Mutari,"Kokoa Kamili, Batch 1 Srb",1896,2016,USA,2.75,,Tanzania,68.0,False,False,False,Medium (60-75%),2.8125,Low-Rated,3.2058823529411766,60.3,False,Average,North America,0,Premium
Mutari,"Oko Caribe, Batch 1 Srb",1896,2016,USA,2.75,,Dominican Republic,71.0,False,False,False,Medium (60-75%),2.8125,Low-Rated,3.2063253012048194,60.3,False,Average,North America,0,Premium
Mutari,"Ambanja, Batch 1 Srb",1900,2016,USA,2.75,,Madagascar,68.0,False,False,False,Medium (60-75%),2.8125,Low-Rated,3.2655172413793103,63.3,True,Average,North America,0,Premium
Mutari,"Tien Giang, Batch 1 Srb",1900,2016,USA,3.0,Trinitario,Vietnam,80.0,False,False,False,High (>75%),2.8125,Low-Rated,3.3157894736842106,65.8,True,Average,North America,2,Experimental
Nahua,"Costa Rica, Oscuro",1049,2013,Costa Rica,2.5,,Costa Rica,58.0,False,False,False,Low (<60%),2.75,Low-Rated,3.1447368421052637,57.2,False,Below Average,Central America,0,Premium
Nahua,"Costa Rica, Oscuro",1049,2013,Costa Rica,3.0,,Costa Rica,70.0,False,False,False,Medium (60-75%),2.75,Low-Rated,3.1447368421052637,57.2,False,Average,Central America,0,Premium
Naive,Trinidad & Tobago,1046,2013,Lithuania,3.75,,"Trinidad, Tobago",70.0,False,False,True,Medium (60-75%),3.333333333333333,Standard,3.375,68.8,True,Outstanding,Europe,0,Premium
Naive,"Maranon Canyon, Fortunato No. 4",1133,2013,Lithuania,3.75,Forastero (Nacional),Peru,78.0,False,False,True,High (>75%),3.333333333333333,Standard,3.137878787878788,56.9,False,Outstanding,Europe,0,Premium
Naive,Grenada,867,2012,Lithuania,2.5,Trinitario,Grenada,71.0,False,False,False,Medium (60-75%),3.333333333333333,Standard,3.026315789473684,51.3,False,Below Average,Europe,2,Experimental
Na�Ve,Nicaragua,1379,2014,Lithuania,3.25,Criollo,Nicaragua,70.0,False,False,False,Medium (60-75%),3.0,Standard,3.2,60.0,False,Good,Europe,0,Premium
Na�Ve,Chuao,1399,2014,Lithuania,2.75,Trinitario,Venezuela,75.0,False,False,False,Medium (60-75%),3.0,Standard,3.2453271028037385,62.3,True,Average,Europe,2,Experimental
Na�Ve,Barinas,1399,2014,Lithuania,3.0,,Venezuela,70.0,False,False,False,Medium (60-75%),3.0,Standard,3.2453271028037385,62.3,True,Average,Europe,0,Premium
Nanea,Criollo Blend,1007,2013,USA,3.5,,Hawaii,85.0,False,False,True,High (>75%),3.5,Elite,3.2142857142857144,60.7,False,Good,North America,2,Experimental
Nathan Miller,Peru,1403,2014,USA,2.25,,Peru,72.0,False,False,False,Medium (60-75%),2.6875,Low-Rated,3.137878787878788,56.9,False,Below Average,North America,2,Experimental
Nathan Miller,Hispaniola,1403,2014,USA,2.5,,Dominican Republic,70.0,False,False,False,Medium (60-75%),2.6875,Low-Rated,3.2063253012048194,60.3,False,Below Average,North America,2,Experimental
Nathan Miller,Madagascar,1403,2014,USA,2.5,Trinitario,Madagascar,73.5,False,False,False,Medium (60-75%),2.6875,Low-Rated,3.2655172413793103,63.3,True,Below Average,North America,2,Experimental
Nathan Miller,Ghana,1403,2014,USA,3.5,Forastero,Ghana,70.0,False,False,True,Medium (60-75%),2.6875,Low-Rated,3.090909090909091,54.5,False,Good,North America,0,Premium
Neuhaus (Callebaut),Papua New Guinea,531,2010,Belgium,2.5,Criollo,Papua New Guinea,70.0,False,False,False,Medium (60-75%),2.5,Low-Rated,3.2916666666666665,64.6,True,Below Average,Europe,2,Experimental
Neuhaus (Callebaut),Manickchand Estate,230,2008,Belgium,3.75,Trinitario,Trinidad,67.0,False,False,True,Medium (60-75%),2.5,Low-Rated,3.2045454545454546,60.2,False,Outstanding,Europe,1,Mass Market
Neuhaus (Callebaut),Dark,135,2007,Belgium,1.0,,,73.0,False,False,False,Medium (60-75%),2.5,Low-Rated,,,False,Poor,Europe,2,Experimental
Neuhaus (Callebaut),West Africa,15,2006,Belgium,2.0,Forastero,West Africa,73.0,False,False,False,Medium (60-75%),2.5,Low-Rated,2.583333333333333,29.2,False,Below Average,Europe,2,Experimental
Neuhaus (Callebaut),Sao Tome,15,2006,Belgium,2.75,Forastero,Sao Tome,75.0,False,False,False,Medium (60-75%),2.5,Low-Rated,3.175,58.7,False,Average,Europe,1,Mass Market
Neuhaus (Callebaut),Ocumare,24,2006,Belgium,3.0,Criollo,Venezuela,71.0,False,False,False,Medium (60-75%),2.5,Low-Rated,3.2453271028037385,62.3,True,Average,Europe,1,Mass Market
Nibble,Patanemo,1526,2015,USA,2.25,Criollo,Venezuela,72.0,False,False,False,Medium (60-75%),2.75,Low-Rated,3.2453271028037385,62.3,True,Below Average,North America,2,Experimental
Nibble,Elvesia P.,1526,2015,USA,2.75,Trinitario,Dominican Republic,72.0,False,False,False,Medium (60-75%),2.75,Low-Rated,3.2063253012048194,60.3,False,Average,North America,0,Premium
Nibble,"Ambanja, Sambirano Valley",1526,2015,USA,3.0,Trinitario,Madagascar,72.0,False,False,False,Medium (60-75%),2.75,Low-Rated,3.2655172413793103,63.3,True,Average,North America,0,Premium
Nibble,Tumbes,1526,2015,USA,3.0,Criollo,Peru,72.0,False,False,False,Medium (60-75%),2.75,Low-Rated,3.137878787878788,56.9,False,Average,North America,0,Premium
Night Owl,Peru,1022,2013,USA,2.75,,Peru,75.0,False,False,False,Medium (60-75%),3.125,Standard,3.137878787878788,56.9,False,Average,North America,2,Experimental
Night Owl,Ecuador,1022,2013,USA,3.5,,Ecuador,75.0,False,False,True,Medium (60-75%),3.125,Standard,3.134715025906736,56.7,False,Good,North America,0,Premium
Noble Bean Aka Jerjobo,Ghana,1295,2014,USA,3.0,Forastero,Ghana,75.0,False,False,False,Medium (60-75%),3.083333333333333,Standard,3.090909090909091,54.5,False,Average,North America,0,Premium
Noble Bean Aka Jerjobo,Moho Valley,1299,2014,USA,3.0,Trinitario,Belize,75.0,False,False,False,Medium (60-75%),3.083333333333333,Standard,3.2346938775510203,61.7,False,Average,North America,0,Premium
Noble Bean Aka Jerjobo,Maranon Canyon,1299,2014,USA,3.25,Forastero (Nacional),Peru,75.0,False,False,False,Medium (60-75%),3.083333333333333,Standard,3.137878787878788,56.9,False,Good,North America,0,Premium
Noir D' Ebine,Venezuela,837,2012,USA,3.0,,Venezuela,70.0,False,False,False,Medium (60-75%),3.0,Standard,3.2453271028037385,62.3,True,Average,North America,0,Premium
Noir D' Ebine,Ecuador,841,2012,USA,3.0,,Ecuador,70.0,False,False,False,Medium (60-75%),3.0,Standard,3.134715025906736,56.7,False,Average,North America,0,Premium
Nova Monda,"La Patriota, Cacao Indio, Purple Label",931,2012,Nicaragua,3.0,,Nicaragua,70.0,False,False,False,Medium (60-75%),3.0,Standard,3.2,60.0,False,Average,Central America,0,Premium
Nova Monda,"La Dalia, Matagalpa,Cacao Bisesto,Green Label",935,2012,Nicaragua,2.75,,Nicaragua,75.0,False,False,False,Medium (60-75%),3.0,Standard,3.2,60.0,False,Average,Central America,2,Experimental
Nova Monda,"Punta Galera, Cacao Nacional, Gold Label",935,2012,Nicaragua,3.25,Forastero (Nacional),Ecuador,80.0,False,False,False,High (>75%),3.0,Standard,3.134715025906736,56.7,False,Good,Central America,2,Experimental
Nuance,"Ghana, 2013",1454,2015,USA,3.75,Forastero,Ghana,70.0,False,False,True,Medium (60-75%),3.35,Standard,3.090909090909091,54.5,False,Outstanding,North America,0,Premium
Nuance,"Ecuador, 2013",1458,2015,USA,2.75,Trinitario,Ecuador,70.0,False,False,False,Medium (60-75%),3.35,Standard,3.134715025906736,56.7,False,Average,North America,0,Premium
Nuance,"Canoabo, 2013",1458,2015,USA,3.0,Criollo,Venezuela,70.0,False,False,False,Medium (60-75%),3.35,Standard,3.2453271028037385,62.3,True,Average,North America,0,Premium
Nuance,"Sambirano Valley, 2012",1458,2015,USA,3.5,Trinitario,Madagascar,70.0,False,False,True,Medium (60-75%),3.35,Standard,3.2655172413793103,63.3,True,Good,North America,0,Premium
Nuance,La Red,1470,2015,USA,3.75,,Dominican Republic,70.0,False,False,True,Medium (60-75%),3.35,Standard,3.2063253012048194,60.3,False,Outstanding,North America,0,Premium
Nugali,Fazenda Leolinda,1876,2016,Brazil,3.5,Trinitario (Scavina),Brazil,70.0,False,False,True,Medium (60-75%),3.5,Elite,3.284482758620689,64.2,True,Good,South America,0,Premium
Oakland Chocolate Co.,Jamaica,478,2010,USA,2.5,Trinitario,Jamaica,70.0,False,False,False,Medium (60-75%),2.5,Low-Rated,3.1625,58.1,False,Below Average,North America,2,Experimental
Obolo,Pangoa,1638,2015,Chile,3.75,Criollo,Peru,70.0,False,False,True,Medium (60-75%),3.75,Elite,3.137878787878788,56.9,False,Outstanding,South America,0,Premium
Obolo,"Pangoa, W/ Nibs",1638,2015,Chile,3.75,Criollo,Peru,70.0,False,False,True,Medium (60-75%),3.75,Elite,3.137878787878788,56.9,False,Outstanding,South America,0,Premium
Ocelot,Virunga,1558,2015,Scotland,3.75,Forastero,Dr Congo,70.0,False,False,True,Medium (60-75%),3.875,Elite,3.325,66.3,True,Outstanding,Europe,0,Premium
Ocelot,Piura,1558,2015,Scotland,4.0,Criollo,Peru,75.0,False,False,True,Medium (60-75%),3.875,Elite,3.137878787878788,56.9,False,Outstanding,Europe,0,Premium
Ocho,Sang Yum Coop,1760,2016,New Zealand,2.75,,Samoa,100.0,False,True,False,High (>75%),3.125,Standard,3.125,56.2,False,Average,Asia-Pacific,2,Experimental
Ocho,Sang Yum Coop,1760,2016,New Zealand,3.5,,Samoa,70.0,False,False,True,Medium (60-75%),3.125,Standard,3.125,56.2,False,Good,Asia-Pacific,0,Premium
Ocho,"Png, Devotion",1411,2014,New Zealand,2.75,,Papua New Guinea,66.0,False,False,False,Medium (60-75%),3.125,Standard,3.2916666666666665,64.6,True,Average,Asia-Pacific,0,Premium
Ocho,"Png, Revolution",1411,2014,New Zealand,3.0,,Papua New Guinea,70.0,False,False,False,Medium (60-75%),3.125,Standard,3.2916666666666665,64.6,True,Average,Asia-Pacific,0,Premium
Ocho,"Png, Voodoo",1411,2014,New Zealand,3.25,,Papua New Guinea,88.0,False,False,False,High (>75%),3.125,Standard,3.2916666666666665,64.6,True,Good,Asia-Pacific,2,Experimental
Ocho,"Png, Nib Bar",1411,2014,New Zealand,3.5,,Papua New Guinea,74.0,False,False,True,Medium (60-75%),3.125,Standard,3.2916666666666665,64.6,True,Good,Asia-Pacific,0,Premium
Ohiyo,"San Juan Estate, Gran Couva",1594,2015,USA,2.75,Trinitario,Trinidad,70.0,False,False,False,Medium (60-75%),2.875,Low-Rated,3.2045454545454546,60.2,False,Average,North America,0,Premium
Ohiyo,Tanzania,1598,2015,USA,3.0,,Tanzania,70.0,False,False,False,Medium (60-75%),2.875,Low-Rated,3.2058823529411766,60.3,False,Average,North America,0,Premium
Oialla By Bojessen (Malmo),"Sylvestre, Oialla",761,2011,Germany,3.5,Criollo,Bolivia,70.0,False,False,True,Medium (60-75%),3.5,Elite,3.1973684210526314,59.9,False,Good,Europe,1,Mass Market
Olive And Sinclair,Dominican Republic Prototype,486,2010,USA,3.0,,Dominican Republic,72.0,False,False,False,Medium (60-75%),2.9375,Low-Rated,3.2063253012048194,60.3,False,Average,North America,1,Mass Market
Olive And Sinclair,Ghana Prototype,486,2010,USA,3.0,Forastero,Ghana,72.0,False,False,False,Medium (60-75%),2.9375,Low-Rated,3.090909090909091,54.5,False,Average,North America,1,Mass Market
Olive And Sinclair,Dark 67,457,2009,USA,2.75,,"Ghana, Domin. Rep",67.0,False,False,False,Medium (60-75%),2.9375,Low-Rated,2.875,43.8,False,Average,North America,1,Mass Market
Olive And Sinclair,Dark 75,457,2009,USA,3.0,,"Ghana, Domin. Rep",75.0,False,False,False,Medium (60-75%),2.9375,Low-Rated,2.875,43.8,False,Average,North America,1,Mass Market
Olivia,Carribean-Raw,688,2011,Canada,2.0,,Carribean,76.0,False,False,False,High (>75%),2.625,Low-Rated,2.96875,48.4,False,Below Average,North America,2,Experimental
Olivia,Carribean,688,2011,Canada,2.75,,Carribean,76.0,False,False,False,High (>75%),2.625,Low-Rated,2.96875,48.4,False,Average,North America,2,Experimental
Olivia,Carribean,688,2011,Canada,2.75,,Carribean,85.0,False,False,False,High (>75%),2.625,Low-Rated,2.96875,48.4,False,Average,North America,2,Experimental
Olivia,Carribean-Raw,688,2011,Canada,3.0,,Carribean,85.0,False,False,False,High (>75%),2.625,Low-Rated,2.96875,48.4,False,Average,North America,2,Experimental
Omanhene,Ghana,693,2011,Ghana,2.75,Forastero,Ghana,80.0,False,False,False,High (>75%),2.75,Low-Rated,3.090909090909091,54.5,False,Average,Africa,2,Experimental
Omnom,"Kakao Kamili, Kilombero Valley",1816,2016,Iceland,3.75,Trinitario,Tanzania,70.0,False,False,True,Medium (60-75%),3.4166666666666665,Elite,3.2058823529411766,60.3,False,Outstanding,Other,0,Premium
Omnom,Papua New Guinea,1247,2014,Iceland,3.0,,Papua New Guinea,70.0,False,False,False,Medium (60-75%),3.4166666666666665,Elite,3.2916666666666665,64.6,True,Average,Other,0,Premium
Omnom,Madagascar,1247,2014,Iceland,3.5,Trinitario,Madagascar,66.0,False,False,True,Medium (60-75%),3.4166666666666665,Elite,3.2655172413793103,63.3,True,Good,Other,0,Premium
Organicfair,Maya Mountain,1161,2013,Canada,2.75,Trinitario,Belize,74.0,False,False,False,Medium (60-75%),2.85,Low-Rated,3.2346938775510203,61.7,False,Average,North America,2,Experimental
Organicfair,La Red,1165,2013,Canada,2.75,,Dominican Republic,72.0,False,False,False,Medium (60-75%),2.85,Low-Rated,3.2063253012048194,60.3,False,Average,North America,2,Experimental
Organicfair,Nicaraqua,1165,2013,Canada,2.75,Trinitario,Nicaragua,72.0,False,False,False,Medium (60-75%),2.85,Low-Rated,3.2,60.0,False,Average,North America,2,Experimental
Organicfair,Caribe,1165,2013,Canada,3.0,,Dominican Republic,72.0,False,False,False,Medium (60-75%),2.85,Low-Rated,3.2063253012048194,60.3,False,Average,North America,0,Premium
Organicfair,Mindo,1165,2013,Canada,3.0,Trinitario,Ecuador,72.0,False,False,False,Medium (60-75%),2.85,Low-Rated,3.134715025906736,56.7,False,Average,North America,0,Premium
Original Beans (Felchlin),Papua Kerafat,1438,2014,Switzerland,2.75,,Papua New Guinea,68.0,False,False,False,Medium (60-75%),3.1666666666666665,Standard,3.2916666666666665,64.6,True,Average,Europe,0,Premium
Original Beans (Felchlin),"Grand Cru Blend No.1, 5 Yr. Anniversary Ed",1442,2014,Switzerland,3.25,Blend,,80.0,False,False,False,High (>75%),3.1666666666666665,Standard,,,False,Good,Europe,2,Experimental
Original Beans (Felchlin),"Alto Beni, Wild Harvest, Itenez R. 24Hr C.",733,2011,Switzerland,3.75,,Bolivia,66.0,False,False,True,Medium (60-75%),3.1666666666666665,Standard,3.1973684210526314,59.9,False,Outstanding,Europe,1,Mass Market
Original Beans (Felchlin),"D.R. Congo, Cru Virunga",331,2009,Switzerland,3.0,Forastero,Dr Congo,70.0,False,False,False,Medium (60-75%),3.1666666666666665,Standard,3.325,66.3,True,Average,Europe,1,Mass Market
Original Beans (Felchlin),"Piura, Apotequil, ""Porcelana"" 72Hr C.",341,2009,Switzerland,3.0,Criollo,Peru,75.0,False,False,False,Medium (60-75%),3.1666666666666665,Standard,3.137878787878788,56.9,False,Average,Europe,1,Mass Market
Original Beans (Felchlin),"Alto Beni, Wild Harvest, Itenez R., 60Hr C.",341,2009,Switzerland,3.25,,Bolivia,68.0,False,False,False,Medium (60-75%),3.1666666666666665,Standard,3.1973684210526314,59.9,False,Good,Europe,1,Mass Market
Original Hawaiin Chocolate Factory,"Hawai'I, Kona Grand Cru E.",316,2009,USA,3.0,Criollo,Hawaii,60.0,False,False,False,Medium (60-75%),3.0,Standard,3.2142857142857144,60.7,False,Average,North America,1,Mass Market
Original Hawaiin Chocolate Factory,"Hawai'I, Kona Estate Grown",24,2006,USA,3.0,,Hawaii,60.0,False,False,False,Medium (60-75%),3.0,Standard,3.2142857142857144,60.7,False,Average,North America,1,Mass Market
Orquidea,Peru,859,2012,Peru,3.0,,Peru,65.0,False,False,False,Medium (60-75%),3.0,Standard,3.137878787878788,56.9,False,Average,South America,1,Mass Market
Orquidea,Peru,859,2012,Peru,3.0,,Peru,72.0,False,False,False,Medium (60-75%),3.0,Standard,3.137878787878788,56.9,False,Average,South America,0,Premium
Pacari,"Sierra Nevada, Tutu Iku",1848,2016,Ecuador,4.0,,Colombia,70.0,False,False,True,Medium (60-75%),3.269230769230769,Standard,3.225,61.3,False,Outstanding,South America,0,Premium
Pacari,Garaua,1415,2014,Ecuador,3.25,,Ecuador,70.0,False,False,False,Medium (60-75%),3.269230769230769,Standard,3.134715025906736,56.7,False,Good,South America,0,Premium
Pacari,Cumbia,1415,2014,Ecuador,3.5,,Ecuador,70.0,False,False,True,Medium (60-75%),3.269230769230769,Standard,3.134715025906736,56.7,False,Good,South America,0,Premium
Pacari,Montubia,1415,2014,Ecuador,3.75,,Ecuador,70.0,False,False,True,Medium (60-75%),3.269230769230769,Standard,3.134715025906736,56.7,False,Outstanding,South America,0,Premium
Pacari,Tangara,1415,2014,Ecuador,4.0,,Ecuador,70.0,False,False,True,Medium (60-75%),3.269230769230769,Standard,3.134715025906736,56.7,False,Outstanding,South America,0,Premium
Pacari,"Ecuador, Raw",817,2012,Ecuador,2.75,,Ecuador,85.0,False,False,False,High (>75%),3.269230769230769,Standard,3.134715025906736,56.7,False,Average,South America,2,Experimental
Pacari,Piura,863,2012,Ecuador,4.0,,Peru,70.0,False,False,True,Medium (60-75%),3.269230769230769,Standard,3.137878787878788,56.9,False,Outstanding,South America,0,Premium
Pacari,Nube- Prototype,721,2011,Ecuador,3.5,,Ecuador,70.0,False,False,True,Medium (60-75%),3.269230769230769,Standard,3.134715025906736,56.7,False,Good,South America,1,Mass Market
Pacari,Esmeraldas,224,2008,Ecuador,2.5,Forastero (Arriba),Ecuador,60.0,False,False,False,Medium (60-75%),3.269230769230769,Standard,3.134715025906736,56.7,False,Below Average,South America,1,Mass Market
Pacari,Manabi,224,2008,Ecuador,2.75,Forastero (Arriba),Ecuador,65.0,False,False,False,Medium (60-75%),3.269230769230769,Standard,3.134715025906736,56.7,False,Average,South America,1,Mass Market
Pacari,Los Rios,224,2008,Ecuador,3.0,Forastero (Arriba),Ecuador,72.0,False,False,False,Medium (60-75%),3.269230769230769,Standard,3.134715025906736,56.7,False,Average,South America,1,Mass Market
Pacari,Raw,266,2008,Ecuador,2.0,Forastero (Arriba),Ecuador,100.0,False,True,False,High (>75%),3.269230769230769,Standard,3.134715025906736,56.7,False,Below Average,South America,2,Experimental
Pacari,Raw,266,2008,Ecuador,3.5,Forastero (Arriba),Ecuador,70.0,False,False,True,Medium (60-75%),3.269230769230769,Standard,3.134715025906736,56.7,False,Good,South America,1,Mass Market
Palette De Bine,Lachua,1720,2016,Canada,2.75,,Guatemala,70.0,False,False,False,Medium (60-75%),3.272727272727273,Standard,3.321428571428572,66.1,True,Average,North America,0,Premium
Palette De Bine,Maya Mtn,1720,2016,Canada,3.0,Trinitario,Belize,72.0,False,False,False,Medium (60-75%),3.272727272727273,Standard,3.2346938775510203,61.7,False,Average,North America,0,Premium
Palette De Bine,"Silvestre, La Paz, Beni",1570,2015,Canada,3.25,,Bolivia,70.0,False,False,False,Medium (60-75%),3.272727272727273,Standard,3.1973684210526314,59.9,False,Good,North America,0,Premium
Palette De Bine,"San Juan Estate, Gran Couva",1570,2015,Canada,3.25,Trinitario,Trinidad,70.0,False,False,False,Medium (60-75%),3.272727272727273,Standard,3.2045454545454546,60.2,False,Good,North America,0,Premium
Palette De Bine,Kokoa Kamili,1574,2015,Canada,3.5,,Tanzania,72.0,False,False,True,Medium (60-75%),3.272727272727273,Standard,3.2058823529411766,60.3,False,Good,North America,0,Premium
Palette De Bine,Lam Dong,1574,2015,Canada,3.75,Trinitario,Vietnam,72.0,False,False,True,Medium (60-75%),3.272727272727273,Standard,3.3157894736842106,65.8,True,Outstanding,North America,0,Premium
Palette De Bine,"Alto Beni, Palos Blancos",1239,2014,Canada,2.75,,Bolivia,72.0,False,False,False,Medium (60-75%),3.272727272727273,Standard,3.1973684210526314,59.9,False,Average,North America,0,Premium
Palette De Bine,Sambirano,1239,2014,Canada,3.75,Trinitario,Madagascar,78.0,False,False,True,High (>75%),3.272727272727273,Standard,3.2655172413793103,63.3,True,Outstanding,North America,0,Premium
Palette De Bine,"Camino Verde P., Balao, Guayas",1303,2014,Canada,2.75,,Ecuador,75.0,False,False,False,Medium (60-75%),3.272727272727273,Standard,3.134715025906736,56.7,False,Average,North America,2,Experimental
Palette De Bine,Duo- Gran Couva & Camino Verde,1399,2014,Canada,3.5,Blend,"Trinidad, Ecuador",75.0,False,False,True,Medium (60-75%),3.272727272727273,Standard,3.5,75.0,True,Good,North America,0,Premium
Palette De Bine,Gran Couva,1399,2014,Canada,3.75,Trinitario,Trinidad,70.0,False,False,True,Medium (60-75%),3.272727272727273,Standard,3.2045454545454546,60.2,False,Outstanding,North America,0,Premium
Pangea,Matasawalevu,1860,2016,Spain,3.0,,Fiji,76.0,False,False,False,High (>75%),3.0,Standard,3.125,56.2,False,Average,Europe,0,Premium
Park 75,South America,1363,2014,USA,3.5,,South America,65.0,False,False,True,Medium (60-75%),3.5,Elite,3.6666666666666665,83.3,True,Good,North America,0,Premium
Parliament,Kilombero Valley,1856,2016,USA,3.25,,Tanzania,70.0,False,False,False,Medium (60-75%),3.3125,Standard,3.2058823529411766,60.3,False,Good,North America,0,Premium
Parliament,"Lachua, Q'Egchi Families",1542,2015,USA,3.5,,Guatemala,70.0,False,False,True,Medium (60-75%),3.3125,Standard,3.321428571428572,66.1,True,Good,North America,0,Premium
Parliament,Alto Beni,1251,2014,USA,3.0,,Bolivia,70.0,False,False,False,Medium (60-75%),3.3125,Standard,3.1973684210526314,59.9,False,Average,North America,0,Premium
Parliament,Oko Caribe,1255,2014,USA,3.5,,Dominican Republic,70.0,False,False,True,Medium (60-75%),3.3125,Standard,3.2063253012048194,60.3,False,Good,North America,0,Premium
Pascha,Peru,1137,2013,Peru,2.5,,Peru,55.0,False,False,False,Low (<60%),2.625,Low-Rated,3.137878787878788,56.9,False,Below Average,South America,0,Premium
Pascha,Peru,1137,2013,Peru,2.75,,Peru,70.0,False,False,False,Medium (60-75%),2.625,Low-Rated,3.137878787878788,56.9,False,Average,South America,0,Premium
Patric,Signature Blend,636,2011,USA,3.75,Blend,,70.0,False,False,True,Medium (60-75%),3.7916666666666665,Elite,,,False,Outstanding,North America,1,Mass Market
Patric,Madagascar,331,2009,USA,4.0,Trinitario,Madagascar,75.0,False,False,True,Medium (60-75%),3.7916666666666665,Elite,3.2655172413793103,63.3,True,Outstanding,North America,1,Mass Market
Patric,Madagascar,439,2009,USA,3.5,Trinitario,Madagascar,67.0,False,False,True,Medium (60-75%),3.7916666666666665,Elite,3.2655172413793103,63.3,True,Good,North America,1,Mass Market
Patric,"Rio Caribe, Paria Penninsula",439,2009,USA,3.5,Trinitario,Venezuela,70.0,False,False,True,Medium (60-75%),3.7916666666666665,Elite,3.2453271028037385,62.3,True,Good,North America,1,Mass Market
Patric,Madagascar,196,2007,USA,4.0,Trinitario,Madagascar,70.0,False,False,True,Medium (60-75%),3.7916666666666665,Elite,3.2655172413793103,63.3,True,Outstanding,North America,1,Mass Market
Patric,"Piura, Choc. Garage Exclusive",1034,2013,USA,4.0,,Peru,67.0,False,False,True,Medium (60-75%),3.7916666666666665,Elite,3.137878787878788,56.9,False,Outstanding,North America,0,Premium
Paul Young,"Madagascar, W/ Shell",1271,2014,U.K.,2.25,Trinitario,Madagascar,73.0,False,False,False,Medium (60-75%),2.5,Low-Rated,3.2655172413793103,63.3,True,Below Average,Other,2,Experimental
Paul Young,"Madagascar, W/ Shell",1271,2014,U.K.,2.75,Trinitario,Madagascar,64.0,False,False,False,Medium (60-75%),2.5,Low-Rated,3.2655172413793103,63.3,True,Average,Other,0,Premium
Peppalo,Dominican Republic,1454,2015,USA,3.0,,Dominican Republic,82.0,False,False,False,High (>75%),3.0,Standard,3.2063253012048194,60.3,False,Average,North America,2,Experimental
Pierre Marcolini,"Haut Penja, W/ Nibs",1658,2015,Belgium,3.25,Forastero,Cameroon,70.0,False,False,False,Medium (60-75%),3.4642857142857144,Elite,3.25,62.5,True,Good,Europe,0,Premium
Pierre Marcolini,Chuao,478,2010,Belgium,3.0,Criollo,Venezuela,75.0,False,False,False,Medium (60-75%),3.4642857142857144,Elite,3.2453271028037385,62.3,True,Average,Europe,2,Experimental
Pierre Marcolini,Trinite,478,2010,Belgium,3.25,Trinitario,Trinidad,75.0,False,False,False,Medium (60-75%),3.4642857142857144,Elite,3.2045454545454546,60.2,False,Good,Europe,1,Mass Market
Pierre Marcolini,"Baracoa, Cuba",516,2010,Belgium,3.75,"Criollo, Forastero",Cuba,78.0,False,False,True,High (>75%),3.4642857142857144,Elite,3.25,62.5,True,Outstanding,Europe,1,Mass Market
Pierre Marcolini,"Peru, Las Pampas P.",531,2010,Belgium,3.0,Criollo,Peru,85.0,False,False,False,High (>75%),3.4642857142857144,Elite,3.137878787878788,56.9,False,Average,Europe,2,Experimental
Pierre Marcolini,"Bahia Brazil, Fazenda Sao Pedro",414,2009,Belgium,3.0,Forastero,Brazil,72.0,False,False,False,Medium (60-75%),3.4642857142857144,Elite,3.284482758620689,64.2,True,Average,Europe,1,Mass Market
Pierre Marcolini,"Porcelana, Tabasco, Finca La Joya",445,2009,Belgium,3.0,Criollo,Mexico,72.0,False,False,False,Medium (60-75%),3.4642857142857144,Elite,3.0083333333333333,50.4,False,Average,Europe,1,Mass Market
Pierre Marcolini,Cabosse,111,2007,Belgium,4.0,Blend,"Venezuela, Java",70.0,False,False,True,Medium (60-75%),3.4642857142857144,Elite,4.0,100.0,True,Outstanding,Europe,1,Mass Market
Pierre Marcolini,"Los Rios, Puerto Romero, Equateur",129,2007,Belgium,3.75,Forastero (Nacional),Ecuador,72.0,False,False,True,Medium (60-75%),3.4642857142857144,Elite,3.134715025906736,56.7,False,Outstanding,Europe,1,Mass Market
Pierre Marcolini,"Sambirano, Ambanja, Madagascar",141,2007,Belgium,4.0,Trinitario,Madagascar,72.0,False,False,True,Medium (60-75%),3.4642857142857144,Elite,3.2655172413793103,63.3,True,Outstanding,Europe,1,Mass Market
Pierre Marcolini,Fleur De Cacao,166,2007,Belgium,3.5,Blend,Venezuela/ Ghana,85.0,False,False,True,High (>75%),3.4642857142857144,Elite,3.5,75.0,True,Good,Europe,2,Experimental
Pierre Marcolini,"Porcelana, Tabasco, Limited Ed.",81,2006,Belgium,4.0,Criollo,Mexico,72.0,False,False,True,Medium (60-75%),3.4642857142857144,Elite,3.0083333333333333,50.4,False,Outstanding,Europe,1,Mass Market
Pierre Marcolini,"Kendem Lembu, Java",93,2006,Belgium,3.0,Criollo,Indonesia,72.0,False,False,False,Medium (60-75%),3.4642857142857144,Elite,3.1875,59.4,False,Average,Europe,1,Mass Market
Pierre Marcolini,"Ocumare, Puerto Cabello, Venezuela",93,2006,Belgium,4.0,Criollo,Venezuela,72.0,False,False,True,Medium (60-75%),3.4642857142857144,Elite,3.2453271028037385,62.3,True,Outstanding,Europe,1,Mass Market
Pinellas,Wampusirpi Region,1772,2016,USA,2.5,,Honduras,80.0,False,False,False,High (>75%),2.5,Low-Rated,3.35,67.5,True,Below Average,North America,2,Experimental
Pitch Dark,Tenor,1506,2015,USA,2.5,,Nicaragua,62.0,False,False,False,Medium (60-75%),2.9444444444444446,Low-Rated,3.2,60.0,False,Below Average,North America,0,Premium
Pitch Dark,Johe,1506,2015,USA,2.75,,Nicaragua,80.0,False,False,False,High (>75%),2.9444444444444446,Low-Rated,3.2,60.0,False,Average,North America,2,Experimental
Pitch Dark,Chuno,1510,2015,USA,2.75,"Criollo, Trinitario",Nicaragua,80.0,False,False,False,High (>75%),2.9444444444444446,Low-Rated,3.2,60.0,False,Average,North America,2,Experimental
Pitch Dark,Nicalizo,1510,2015,USA,2.75,Trinitario,Nicaragua,80.0,False,False,False,High (>75%),2.9444444444444446,Low-Rated,3.2,60.0,False,Average,North America,2,Experimental
Pitch Dark,Rugoso,1510,2015,USA,3.25,,Nicaragua,80.0,False,False,False,High (>75%),2.9444444444444446,Low-Rated,3.2,60.0,False,Good,North America,0,Premium
Pitch Dark,Akesson Estate,1311,2014,USA,3.25,Trinitario,Madagascar,73.0,False,False,False,Medium (60-75%),2.9444444444444446,Low-Rated,3.2655172413793103,63.3,True,Good,North America,0,Premium
Pitch Dark,Namau Village,1315,2014,USA,2.5,Trinitario,Fiji,73.0,False,False,False,Medium (60-75%),2.9444444444444446,Low-Rated,3.125,56.2,False,Below Average,North America,2,Experimental
Pitch Dark,"Camino Verde P., Balao, Guayas, ""Fruity""",1319,2014,USA,3.25,,Ecuador,73.0,False,False,False,Medium (60-75%),2.9444444444444446,Low-Rated,3.134715025906736,56.7,False,Good,North America,0,Premium
Pitch Dark,"Camino Verde P., Balao, Guayas, ""Floral""",1319,2014,USA,3.5,,Ecuador,73.0,False,False,True,Medium (60-75%),2.9444444444444446,Low-Rated,3.134715025906736,56.7,False,Good,North America,0,Premium
Pomm (Aka Dead Dog),"La Red, 2011",829,2012,USA,2.5,,Dominican Republic,76.0,False,False,False,High (>75%),2.625,Low-Rated,3.2063253012048194,60.3,False,Below Average,North America,2,Experimental
Pomm (Aka Dead Dog),Peru,829,2012,USA,2.75,Criollo,Peru,82.0,False,False,False,High (>75%),2.625,Low-Rated,3.137878787878788,56.9,False,Average,North America,2,Experimental
Potomac,"Oko Caribe, Duarte Province, 2016 H.",1820,2016,USA,3.75,,Dominican Republic,70.0,False,False,True,Medium (60-75%),3.4285714285714284,Elite,3.2063253012048194,60.3,False,Outstanding,North America,0,Premium
Potomac,"Cuyagua, 2013",1387,2014,USA,3.75,,Venezuela,70.0,False,False,True,Medium (60-75%),3.4285714285714284,Elite,3.2453271028037385,62.3,True,Outstanding,North America,0,Premium
Potomac,Upala W/ Nibs,647,2011,USA,3.5,Matina,Costa Rica,70.0,False,False,True,Medium (60-75%),3.4285714285714284,Elite,3.1447368421052637,57.2,False,Good,North America,1,Mass Market
Potomac,"Upala, Batch 18",654,2011,USA,3.0,Matina,Costa Rica,70.0,False,False,False,Medium (60-75%),3.4285714285714284,Elite,3.1447368421052637,57.2,False,Average,North America,1,Mass Market
Potomac,"San Martin, Amazonian Highlands",789,2011,USA,2.75,,Peru,70.0,False,False,False,Medium (60-75%),3.4285714285714284,Elite,3.137878787878788,56.9,False,Average,North America,1,Mass Market
Potomac,Bahia,789,2011,USA,3.5,,Brazil,70.0,False,False,True,Medium (60-75%),3.4285714285714284,Elite,3.284482758620689,64.2,True,Good,North America,1,Mass Market
Potomac,"Upala, Batch 12",607,2010,USA,3.75,Matina,Costa Rica,82.0,False,False,True,High (>75%),3.4285714285714284,Elite,3.1447368421052637,57.2,False,Outstanding,North America,1,Mass Market
Pralus,Peru,1446,2015,France,3.25,,Peru,75.0,False,False,False,Medium (60-75%),3.28,Standard,3.137878787878788,56.9,False,Good,Europe,0,Premium
Pralus,"Porcelana, S. Of Lake Maracaibo",717,2011,France,3.25,Criollo (Porcelana),Venezuela,75.0,False,False,False,Medium (60-75%),3.28,Standard,3.2453271028037385,62.3,True,Good,Europe,1,Mass Market
Pralus,Chuao,486,2010,France,3.5,Trinitario,Venezuela,75.0,False,False,True,Medium (60-75%),3.28,Standard,3.2453271028037385,62.3,True,Good,Europe,1,Mass Market
Pralus,Cuyagua,451,2009,France,2.0,,Venezuela,75.0,False,False,False,Medium (60-75%),3.28,Standard,3.2453271028037385,62.3,True,Below Average,Europe,2,Experimental
Pralus,Papouasie,199,2008,France,3.0,Trinitario,Papua New Guinea,75.0,False,False,False,Medium (60-75%),3.28,Standard,3.2916666666666665,64.6,True,Average,Europe,1,Mass Market
Pralus,"Sambirano Valley, Le 100%",202,2008,France,3.0,Criollo,Madagascar,100.0,False,True,False,High (>75%),3.28,Standard,3.2655172413793103,63.3,True,Average,Europe,2,Experimental
Pralus,Dominican Republic-Organic,280,2008,France,2.0,,Dominican Republic,75.0,False,False,False,Medium (60-75%),3.28,Standard,3.2063253012048194,60.3,False,Below Average,Europe,2,Experimental
Pralus,"Monte Alegre, Diego Badero",280,2008,France,3.5,,Brazil,75.0,False,False,True,Medium (60-75%),3.28,Standard,3.284482758620689,64.2,True,Good,Europe,1,Mass Market
Pralus,Claudio Corallo W/ Nibs,162,2007,France,4.0,Forastero,Sao Tome,75.0,False,False,True,Medium (60-75%),3.28,Standard,3.175,58.7,False,Outstanding,Europe,1,Mass Market
Pralus,"Monte Alegre (Itacare), Brazil",105,2006,France,3.0,Forastero,Brazil,75.0,False,False,False,Medium (60-75%),3.28,Standard,3.284482758620689,64.2,True,Average,Europe,1,Mass Market
Pralus,Tanzania,105,2006,France,3.5,Criollo,Tanzania,75.0,False,False,True,Medium (60-75%),3.28,Standard,3.2058823529411766,60.3,False,Good,Europe,1,Mass Market
Pralus,Sao Tome & Principe,5,2006,France,3.5,Forastero,Sao Tome & Principe,75.0,False,False,True,Medium (60-75%),3.28,Standard,3.1785714285714284,58.9,False,Good,Europe,1,Mass Market
Pralus,Trinidad,5,2006,France,3.5,Trinitario,Trinidad,75.0,False,False,True,Medium (60-75%),3.28,Standard,3.2045454545454546,60.2,False,Good,Europe,1,Mass Market
Pralus,"Madagascar, Nosy Be Isle.",5,2006,France,3.75,Criollo,Madagascar,75.0,False,False,True,Medium (60-75%),3.28,Standard,3.2655172413793103,63.3,True,Outstanding,Europe,1,Mass Market
Pralus,"Java, Indonesie",32,2006,France,3.5,Criollo,Indonesia,75.0,False,False,True,Medium (60-75%),3.28,Standard,3.1875,59.4,False,Good,Europe,1,Mass Market
Pralus,"Barlovento, Venezuela",32,2006,France,3.5,Trinitario,Venezuela,75.0,False,False,True,Medium (60-75%),3.28,Standard,3.2453271028037385,62.3,True,Good,Europe,1,Mass Market
Pralus,Jamaique,32,2006,France,4.0,Trinitario,Jamaica,75.0,False,False,True,Medium (60-75%),3.28,Standard,3.1625,58.1,False,Outstanding,Europe,1,Mass Market
Pralus,Equateur,40,2006,France,3.0,Trinitario,Ecuador,75.0,False,False,False,Medium (60-75%),3.28,Standard,3.134715025906736,56.7,False,Average,Europe,1,Mass Market
Pralus,Vanuatu,40,2006,France,3.0,Trinitario,Vanuatu,75.0,False,False,False,Medium (60-75%),3.28,Standard,3.25,62.5,True,Average,Europe,1,Mass Market
Pralus,Ghana,40,2006,France,3.25,Forastero,Ghana,75.0,False,False,False,Medium (60-75%),3.28,Standard,3.090909090909091,54.5,False,Good,Europe,1,Mass Market
Pralus,Colombie,40,2006,France,3.5,Trinitario,Colombia,75.0,False,False,True,Medium (60-75%),3.28,Standard,3.225,61.3,False,Good,Europe,1,Mass Market
Pralus,Fortissima,93,2006,France,4.0,"Criollo, Trinitario",Ecuador,80.0,False,False,True,High (>75%),3.28,Standard,3.134715025906736,56.7,False,Outstanding,Europe,1,Mass Market
Pralus,Cuba,99,2006,France,3.0,Trinitario,Cuba,75.0,False,False,False,Medium (60-75%),3.28,Standard,3.25,62.5,True,Average,Europe,1,Mass Market
Pralus,"Caracas, Venezuela And Ghana",99,2006,France,3.0,"Trinitario, Forastero","Venezuela, Ghana",75.0,False,False,False,Medium (60-75%),3.28,Standard,3.0,50.0,False,Average,Europe,1,Mass Market
Pralus,"Djakarta, Java And Ghana",99,2006,France,3.5,"Criollo, Forastero","Indonesia, Ghana",75.0,False,False,True,Medium (60-75%),3.28,Standard,3.5,75.0,True,Good,Europe,1,Mass Market
Pump Street Bakery,"Chocoan Rainforest, Teroro Escondido, Esm",1872,2016,U.K.,3.5,,Ecuador,77.0,False,False,True,High (>75%),3.125,Standard,3.134715025906736,56.7,False,Good,Other,0,Premium
Pump Street Bakery,"Crayfish Bay Estate, 2014",1502,2015,U.K.,3.5,Trinitario,Grenada,70.0,False,False,True,Medium (60-75%),3.125,Standard,3.026315789473684,51.3,False,Good,Other,0,Premium
Pump Street Bakery,"Akesson'S, Batch 4411",1530,2015,U.K.,3.5,Criollo,Madagascar,74.0,False,False,True,Medium (60-75%),3.125,Standard,3.2655172413793103,63.3,True,Good,Other,0,Premium
Pump Street Bakery,Honduras,1688,2015,U.K.,2.75,,Honduras,80.0,False,False,False,High (>75%),3.125,Standard,3.35,67.5,True,Average,Other,2,Experimental
Pump Street Bakery,"Patanemo Vil., Carabobo State, Tisano Family",1223,2014,U.K.,2.75,Trinitario,Venezuela,75.0,False,False,False,Medium (60-75%),3.125,Standard,3.2453271028037385,62.3,True,Average,Other,2,Experimental
Pump Street Bakery,Guantupi River,1223,2014,U.K.,3.0,Forastero (Nacional),Ecuador,75.0,False,False,False,Medium (60-75%),3.125,Standard,3.134715025906736,56.7,False,Average,Other,0,Premium
Pump Street Bakery,"Akessons Estate, Sambirano, Ambanja",1223,2014,U.K.,3.25,Trinitario,Madagascar,72.0,False,False,False,Medium (60-75%),3.125,Standard,3.2655172413793103,63.3,True,Good,Other,0,Premium
Pump Street Bakery,Guantupi River,1227,2014,U.K.,2.75,Forastero (Nacional),Ecuador,85.0,False,False,False,High (>75%),3.125,Standard,3.134715025906736,56.7,False,Average,Other,2,Experimental
Pura Delizia,Venezuela,931,2012,Italy,2.75,,Venezuela,73.0,False,False,False,Medium (60-75%),2.75,Low-Rated,3.2453271028037385,62.3,True,Average,Europe,2,Experimental
Q Chocolate,Brazil,1057,2013,Brazil,3.25,,Brazil,75.0,False,False,False,Medium (60-75%),3.1666666666666665,Standard,3.284482758620689,64.2,True,Good,South America,0,Premium
Q Chocolate,Brazil,1057,2013,Brazil,3.5,,Brazil,85.0,False,False,True,High (>75%),3.1666666666666665,Standard,3.284482758620689,64.2,True,Good,South America,2,Experimental
Q Chocolate,Brazil,1069,2013,Brazil,2.75,,Brazil,55.0,False,False,False,Low (<60%),3.1666666666666665,Standard,3.284482758620689,64.2,True,Average,South America,0,Premium
Q Chocolate,Brazil,1069,2013,Brazil,3.25,,Brazil,80.0,False,False,False,High (>75%),3.1666666666666665,Standard,3.284482758620689,64.2,True,Good,South America,2,Experimental
Q Chocolate,Brazil,935,2012,Brazil,3.0,,Brazil,60.0,False,False,False,Medium (60-75%),3.1666666666666665,Standard,3.284482758620689,64.2,True,Average,South America,1,Mass Market
Q Chocolate,Brazil,935,2012,Brazil,3.25,,Brazil,65.0,False,False,False,Medium (60-75%),3.1666666666666665,Standard,3.284482758620689,64.2,True,Good,South America,1,Mass Market
Quetzalli (Wolter),"Mexico, Lot 28022016",1796,2016,Mexico,2.75,Criollo,Mexico,70.0,False,False,False,Medium (60-75%),2.875,Low-Rated,3.0083333333333333,50.4,False,Average,North America,0,Premium
Quetzalli (Wolter),"Uranga, Lot 22032016",1800,2016,Mexico,3.0,Trinitario,Mexico,74.0,False,False,False,Medium (60-75%),2.875,Low-Rated,3.0083333333333333,50.4,False,Average,North America,0,Premium
Raaka,Amazon Basin Blend,1788,2016,USA,3.0,,"Peru(Smartin,Pangoa,Nacional)",70.0,False,False,False,Medium (60-75%),3.125,Standard,3.0,50.0,False,Average,North America,0,Premium
Raaka,Virunga,1708,2015,USA,2.75,Forastero,Dr Congo,75.0,False,False,False,Medium (60-75%),3.125,Standard,3.325,66.3,True,Average,North America,2,Experimental
Raaka,Madagascar,959,2012,USA,3.25,Trinitario,Madagascar,75.0,False,False,False,Medium (60-75%),3.125,Standard,3.2655172413793103,63.3,True,Good,North America,0,Premium
Raaka,La Red,785,2011,USA,3.5,,Dominican Republic,85.0,False,False,True,High (>75%),3.125,Standard,3.2063253012048194,60.3,False,Good,North America,2,Experimental
Rain Republic,Suchitepequez E.,470,2010,Guatemala,2.75,,Guatemala,70.0,False,False,False,Medium (60-75%),2.75,Low-Rated,3.321428571428572,66.1,True,Average,Central America,1,Mass Market
Rancho San Jacinto,Ecuador,565,2010,Eucador,3.0,"Forastero(Arriba, Ccn)",Ecuador,75.0,False,False,False,Medium (60-75%),3.0,Standard,3.134715025906736,56.7,False,Average,Other,2,Experimental
Ranger,"San Martin, Batch 2",1558,2015,USA,2.5,,Peru,70.0,False,False,False,Medium (60-75%),3.083333333333333,Standard,3.137878787878788,56.9,False,Below Average,North America,0,Premium
Ranger,"Chulucanas, Batch 1",1562,2015,USA,3.25,,Peru,80.0,False,False,False,High (>75%),3.083333333333333,Standard,3.137878787878788,56.9,False,Good,North America,0,Premium
Ranger,"Tumbes, Batch 2",1562,2015,USA,3.5,Criollo,Peru,73.0,False,False,True,Medium (60-75%),3.083333333333333,Standard,3.137878787878788,56.9,False,Good,North America,0,Premium
Raoul Boulanger,Piura,1872,2016,France,3.25,Criollo,Peru,75.0,False,False,False,Medium (60-75%),3.25,Standard,3.137878787878788,56.9,False,Good,Europe,0,Premium
Raw Cocoa,Raw,867,2012,Poland,2.5,Criollo,,70.0,False,False,False,Medium (60-75%),2.5,Low-Rated,,,False,Below Average,Europe,2,Experimental
Republica Del Cacao (Aka Confecta),Esmeraldas,494,2010,Ecuador,3.25,,Ecuador,75.0,False,False,False,Medium (60-75%),3.2,Standard,3.134715025906736,56.7,False,Good,South America,1,Mass Market
Republica Del Cacao (Aka Confecta),"Los Rios, Vinces",439,2009,Ecuador,2.5,Forastero (Arriba),Ecuador,75.0,False,False,False,Medium (60-75%),3.2,Standard,3.134715025906736,56.7,False,Below Average,South America,2,Experimental
Republica Del Cacao (Aka Confecta),Manabi,147,2007,Ecuador,3.0,Forastero (Arriba),Ecuador,75.0,False,False,False,Medium (60-75%),3.2,Standard,3.134715025906736,56.7,False,Average,South America,1,Mass Market
Republica Del Cacao (Aka Confecta),El Oro,147,2007,Ecuador,3.5,Forastero (Arriba),Ecuador,67.0,False,False,True,Medium (60-75%),3.2,Standard,3.134715025906736,56.7,False,Good,South America,1,Mass Market
Republica Del Cacao (Aka Confecta),Los Rios,170,2007,Ecuador,3.75,Forastero (Arriba),Ecuador,75.0,False,False,True,Medium (60-75%),3.2,Standard,3.134715025906736,56.7,False,Outstanding,South America,1,Mass Market
Ritual,"Camino Verde P., Balao, 2015 Harvest, Batch8",1860,2016,USA,3.75,,Ecuador,75.0,False,False,True,Medium (60-75%),3.5277777777777777,Elite,3.134715025906736,56.7,False,Outstanding,North America,0,Premium
Ritual,"Camino Verde P., Balao, Guayas, 2014",1466,2015,USA,3.5,,Ecuador,85.0,False,False,True,High (>75%),3.5277777777777777,Elite,3.134715025906736,56.7,False,Good,North America,2,Experimental
Ritual,"Mid Mountain, 2014",1466,2015,USA,3.5,Blend,,70.0,False,False,True,Medium (60-75%),3.5277777777777777,Elite,,,False,Good,North America,0,Premium
Ritual,"Toledo District, Maya",1089,2013,USA,3.75,Trinitario,Belize,75.0,False,False,True,Medium (60-75%),3.5277777777777777,Elite,3.2346938775510203,61.7,False,Outstanding,North America,0,Premium
Ritual,"Maranon, Cajamarca",1181,2013,USA,3.0,Forastero (Nacional),Peru,75.0,False,False,False,Medium (60-75%),3.5277777777777777,Elite,3.137878787878788,56.9,False,Average,North America,2,Experimental
Ritual,Sambirano,891,2012,USA,4.0,Trinitario,Madagascar,75.0,False,False,True,Medium (60-75%),3.5277777777777777,Elite,3.2655172413793103,63.3,True,Outstanding,North America,0,Premium
Ritual,"Camino Verde P., 2012, Balao, Guayas",967,2012,USA,3.25,Nacional (Arriba),Ecuador,75.0,False,False,False,Medium (60-75%),3.5277777777777777,Elite,3.134715025906736,56.7,False,Good,North America,0,Premium
Ritual,Gran Couva,979,2012,USA,3.5,Trinitario,Trinidad,75.0,False,False,True,Medium (60-75%),3.5277777777777777,Elite,3.2045454545454546,60.2,False,Good,North America,0,Premium
Ritual,Costa Rica,745,2011,USA,3.5,,Costa Rica,75.0,False,False,True,Medium (60-75%),3.5277777777777777,Elite,3.1447368421052637,57.2,False,Good,North America,1,Mass Market
Roasting Masters,"La Dorado, Light Roast",1844,2016,South Korea,3.25,,Costa Rica,70.0,False,False,False,Medium (60-75%),3.25,Standard,3.1447368421052637,57.2,False,Good,Asia-Pacific,0,Premium
Roasting Masters,"Tapanti, Light Roast",1844,2016,South Korea,3.25,,Costa Rica,70.0,False,False,False,Medium (60-75%),3.25,Standard,3.1447368421052637,57.2,False,Good,Asia-Pacific,0,Premium
Roasting Masters,Maleku,1844,2016,South Korea,3.25,,Costa Rica,70.0,False,False,False,Medium (60-75%),3.25,Standard,3.1447368421052637,57.2,False,Good,Asia-Pacific,0,Premium
Robert (Aka Chocolaterie Robert),Madagascar,1061,2013,Madagascar,3.25,Trinitario,Madagascar,75.0,False,False,False,Medium (60-75%),3.25,Standard,3.2655172413793103,63.3,True,Good,Africa,0,Premium
Robert (Aka Chocolaterie Robert),Madagascar W/ Nibs,1061,2013,Madagascar,3.25,Trinitario,Madagascar,68.0,False,False,False,Medium (60-75%),3.25,Standard,3.2655172413793103,63.3,True,Good,Africa,0,Premium
Rococo (Grenada Chocolate Co.),"Gru Grococo, St. Andrews",923,2012,U.K.,3.5,Trinitario,Grenada,66.0,False,False,True,Medium (60-75%),3.5,Elite,3.026315789473684,51.3,False,Good,Other,0,Premium
Rogue,"La Masica, Batch 1, Fhia Research Center",1748,2016,USA,3.75,,Honduras,75.0,False,False,True,Medium (60-75%),3.40625,Elite,3.35,67.5,True,Outstanding,North America,0,Premium
Rogue,"Caranero, Choc. Garage Exclusive",1446,2015,USA,3.75,,Venezuela,70.0,False,False,True,Medium (60-75%),3.40625,Elite,3.2453271028037385,62.3,True,Outstanding,North America,0,Premium
Rogue,"Tranquilidad, Batch 1",1566,2015,USA,3.25,,Bolivia,75.0,False,False,False,Medium (60-75%),3.40625,Elite,3.1973684210526314,59.9,False,Good,North America,0,Premium
Rogue,Porcelana,1209,2014,USA,3.75,Criollo,Venezuela,80.0,False,False,True,High (>75%),3.40625,Elite,3.2453271028037385,62.3,True,Outstanding,North America,0,Premium
Rogue,"Akessons Estate, Sambirano, 2013",1038,2013,USA,3.5,Trinitario,Madagascar,70.0,False,False,True,Medium (60-75%),3.40625,Elite,3.2655172413793103,63.3,True,Good,North America,0,Premium
Rogue,"Hispaniola, 2013",1081,2013,USA,3.5,,Dominican Republic,70.0,False,False,True,Medium (60-75%),3.40625,Elite,3.2063253012048194,60.3,False,Good,North America,0,Premium
Rogue,"Silvestre, Batch 7, 2013",1081,2013,USA,4.0,,Bolivia,75.0,False,False,True,Medium (60-75%),3.40625,Elite,3.1973684210526314,59.9,False,Outstanding,North America,0,Premium
Rogue,"Bachelor'S Hall E., St. Thomas Parish",1193,2013,USA,3.75,Trinitario,Jamaica,75.0,False,False,True,Medium (60-75%),3.40625,Elite,3.1625,58.1,False,Outstanding,North America,0,Premium
Rogue,"Camino Verde P., Balao, Guayas",979,2012,USA,3.75,Nacional (Arriba),Ecuador,75.0,False,False,True,Medium (60-75%),3.40625,Elite,3.134715025906736,56.7,False,Outstanding,North America,0,Premium
Rogue,"Silvestre, Batch 1, 2011",793,2011,USA,3.0,Criollo,Bolivia,75.0,False,False,False,Medium (60-75%),3.40625,Elite,3.1973684210526314,59.9,False,Average,North America,2,Experimental
Rogue,Piura,565,2010,USA,3.75,,Peru,75.0,False,False,True,Medium (60-75%),3.40625,Elite,3.137878787878788,56.9,False,Outstanding,North America,1,Mass Market
Rogue,Rio Caribe,327,2009,USA,3.5,Trinitario,Venezuela,70.0,False,False,True,Medium (60-75%),3.40625,Elite,3.2453271028037385,62.3,True,Good,North America,1,Mass Market
Rogue,"Hispaniola, 2008",213,2008,USA,2.75,,Dominican Republic,70.0,False,False,False,Medium (60-75%),3.40625,Elite,3.2063253012048194,60.3,False,Average,North America,1,Mass Market
Rogue,Jamaica,213,2008,USA,2.75,Trinitario,Jamaica,70.0,False,False,False,Medium (60-75%),3.40625,Elite,3.1625,58.1,False,Average,North America,1,Mass Market
Rogue,"Sambirano, 2008",213,2008,USA,2.75,Trinitario,Madagascar,70.0,False,False,False,Medium (60-75%),3.40625,Elite,3.2655172413793103,63.3,True,Average,North America,1,Mass Market
Rogue,Trinidad,213,2008,USA,3.0,Trinitario,Trinidad,70.0,False,False,False,Medium (60-75%),3.40625,Elite,3.2045454545454546,60.2,False,Average,North America,1,Mass Market
Rozsavolgyi,Sur Del Lago,809,2012,Hungary,2.5,,Venezuela,84.0,False,False,False,High (>75%),2.7857142857142856,Low-Rated,3.2453271028037385,62.3,True,Below Average,Europe,2,Experimental
Rozsavolgyi,"Rio Caribe Superior, Paria Penninsula",871,2012,Hungary,2.25,Trinitario,Venezuela,76.0,False,False,False,High (>75%),2.7857142857142856,Low-Rated,3.2453271028037385,62.3,True,Below Average,Europe,2,Experimental
Rozsavolgyi,"Sambirano, Akesson Estate",871,2012,Hungary,2.5,Trinitario,Madagascar,72.0,False,False,False,Medium (60-75%),2.7857142857142856,Low-Rated,3.2655172413793103,63.3,True,Below Average,Europe,2,Experimental
Rozsavolgyi,Carenero Superior,713,2011,Hungary,3.5,Criollo,Venezuela,73.0,False,False,True,Medium (60-75%),2.7857142857142856,Low-Rated,3.2453271028037385,62.3,True,Good,Europe,1,Mass Market
Rozsavolgyi,Porcelana,717,2011,Hungary,2.5,,Venezuela,71.0,False,False,False,Medium (60-75%),2.7857142857142856,Low-Rated,3.2453271028037385,62.3,True,Below Average,Europe,2,Experimental
Rozsavolgyi,"Aragua, Trincheras",717,2011,Hungary,3.5,,Venezuela,70.0,False,False,True,Medium (60-75%),2.7857142857142856,Low-Rated,3.2453271028037385,62.3,True,Good,Europe,1,Mass Market
Rozsavolgyi,Principe,765,2011,Hungary,2.75,Forastero,Principe,77.0,False,False,False,High (>75%),2.7857142857142856,Low-Rated,2.75,37.5,False,Average,Europe,2,Experimental
S.A.I.D.,Malgascio,607,2010,Italy,3.5,Trinitario,Madagascar,64.0,False,False,True,Medium (60-75%),3.0,Standard,3.2655172413793103,63.3,True,Good,Europe,1,Mass Market
S.A.I.D.,100 Percent,615,2010,Italy,1.5,,,100.0,False,True,False,High (>75%),3.0,Standard,,,False,Poor,Europe,2,Experimental
S.A.I.D.,Samana,615,2010,Italy,3.0,,Dominican Republic,70.0,False,False,False,Medium (60-75%),3.0,Standard,3.2063253012048194,60.3,False,Average,Europe,1,Mass Market
S.A.I.D.,Arawak,615,2010,Italy,3.5,,Carribean,72.0,False,False,True,Medium (60-75%),3.0,Standard,2.96875,48.4,False,Good,Europe,1,Mass Market
S.A.I.D.,Latino,615,2010,Italy,3.5,,,72.0,False,False,True,Medium (60-75%),3.0,Standard,,,False,Good,Europe,1,Mass Market
Sacred,Midnight,813,2012,USA,2.75,,Central And S. America,83.0,False,False,False,High (>75%),3.0,Standard,3.25,62.5,True,Average,North America,2,Experimental
Sacred,Twilight,813,2012,USA,3.25,,Central And S. America,69.0,False,False,False,Medium (60-75%),3.0,Standard,3.25,62.5,True,Good,North America,0,Premium
Salgado,Bahia Superior,288,2008,Argentina,3.5,Forastero,Brazil,70.0,False,False,True,Medium (60-75%),3.5,Elite,3.284482758620689,64.2,True,Good,South America,1,Mass Market
Salgado,Esmeraldas,288,2008,Argentina,3.5,Forastero (Nacional),Ecuador,70.0,False,False,True,Medium (60-75%),3.5,Elite,3.134715025906736,56.7,False,Good,South America,1,Mass Market
Salgado,Carenero Superior,288,2008,Argentina,3.5,Trinitario,Venezuela,70.0,False,False,True,Medium (60-75%),3.5,Elite,3.2453271028037385,62.3,True,Good,South America,1,Mass Market
Salgado,Rio Arriba,292,2008,Argentina,3.5,Forastero (Arriba) Asss,Ecuador,70.0,False,False,True,Medium (60-75%),3.5,Elite,3.134715025906736,56.7,False,Good,South America,1,Mass Market
Santander (Compania Nacional),Colombian 2008,404,2009,Colombia,2.75,Forastero (Nacional),Colombia,75.0,False,False,False,Medium (60-75%),2.95,Low-Rated,3.225,61.3,False,Average,South America,2,Experimental
Santander (Compania Nacional),Colombian W/ Nibs,414,2009,Colombia,3.0,Forastero (Nacional),Colombia,70.0,False,False,False,Medium (60-75%),2.95,Low-Rated,3.225,61.3,False,Average,South America,1,Mass Market
Santander (Compania Nacional),Colombian Semi Dark,32,2006,Colombia,2.0,Forastero (Nacional),Colombia,53.0,False,True,False,Low (<60%),2.95,Low-Rated,3.225,61.3,False,Below Average,South America,1,Mass Market
Santander (Compania Nacional),Colombian,32,2006,Colombia,3.0,Forastero (Nacional),Colombia,65.0,False,False,False,Medium (60-75%),2.95,Low-Rated,3.225,61.3,False,Average,South America,1,Mass Market
Santander (Compania Nacional),Colombian Dark,32,2006,Colombia,4.0,Forastero (Nacional),Colombia,70.0,False,False,True,Medium (60-75%),2.95,Low-Rated,3.225,61.3,False,Outstanding,South America,1,Mass Market
Santome,Sao Tome,761,2011,France,2.75,Forastero,Sao Tome,70.0,False,False,False,Medium (60-75%),2.75,Low-Rated,3.175,58.7,False,Average,Europe,1,Mass Market
Scharffen Berger,San Juan De Cheni,959,2012,USA,4.0,,Peru,78.0,False,False,True,High (>75%),3.2205882352941178,Standard,3.137878787878788,56.9,False,Outstanding,North America,0,Premium
Scharffen Berger,Markham Valley,781,2011,USA,3.75,,Papua New Guinea,68.0,False,False,True,Medium (60-75%),3.2205882352941178,Standard,3.2916666666666665,64.6,True,Outstanding,North America,1,Mass Market
Scharffen Berger,Camahogne,464,2010,USA,3.5,Trinitario,Grenada,68.0,False,False,True,Medium (60-75%),3.2205882352941178,Standard,3.026315789473684,51.3,False,Good,North America,1,Mass Market
Scharffen Berger,Amina,464,2010,USA,3.75,"Trinitario, Criollo",Madagascar,65.0,False,False,True,Medium (60-75%),3.2205882352941178,Standard,3.2655172413793103,63.3,True,Outstanding,North America,1,Mass Market
Scharffen Berger,Tome Acu,336,2009,USA,3.75,,Brazil,68.0,False,False,True,Medium (60-75%),3.2205882352941178,Standard,3.284482758620689,64.2,True,Outstanding,North America,1,Mass Market
Scharffen Berger,Asante,336,2009,USA,4.0,Forastero,Ghana,65.0,False,False,True,Medium (60-75%),3.2205882352941178,Standard,3.090909090909091,54.5,False,Outstanding,North America,1,Mass Market
Scharffen Berger,Ben Tre,445,2009,USA,3.75,Trinitario,Vietnam,72.0,False,False,True,Medium (60-75%),3.2205882352941178,Standard,3.3157894736842106,65.8,True,Outstanding,North America,1,Mass Market
Scharffen Berger,Finisterra,227,2008,USA,3.0,Blend,"Ven., Trinidad, Mad.",72.0,False,False,False,Medium (60-75%),3.2205882352941178,Standard,3.0,50.0,False,Average,North America,1,Mass Market
Scharffen Berger,Las Islas,117,2007,USA,3.0,Blend,Carribean(Dr/Jam/Tri),72.0,False,False,False,Medium (60-75%),3.2205882352941178,Standard,3.0,50.0,False,Average,North America,1,Mass Market
Scharffen Berger,Nibby,135,2007,USA,3.0,,,62.0,False,False,False,Medium (60-75%),3.2205882352941178,Standard,,,False,Average,North America,1,Mass Market
Scharffen Berger,Cuyagua,135,2007,USA,3.75,,Venezuela,75.0,False,False,True,Medium (60-75%),3.2205882352941178,Standard,3.2453271028037385,62.3,True,Outstanding,North America,1,Mass Market
Scharffen Berger,Antilles (Trin/Gren/Dr/Ven),188,2007,USA,3.0,Blend,Carribean,75.0,False,False,False,Medium (60-75%),3.2205882352941178,Standard,2.96875,48.4,False,Average,North America,1,Mass Market
Scharffen Berger,Extra Dark,15,2006,USA,2.0,,,82.0,False,False,False,High (>75%),3.2205882352941178,Standard,,,False,Below Average,North America,2,Experimental
Scharffen Berger,Bittersweet,15,2006,USA,3.5,Blend,,70.0,False,False,True,Medium (60-75%),3.2205882352941178,Standard,,,False,Good,North America,1,Mass Market
Scharffen Berger,Kumasi Sambirano,40,2006,USA,2.0,Blend,Ghana & Madagascar,68.0,False,False,False,Medium (60-75%),3.2205882352941178,Standard,2.0,0.0,False,Below Average,North America,1,Mass Market
Scharffen Berger,Jamaica A L'Ancienne,56,2006,USA,2.0,Trinitario,Jamaica,70.0,False,False,False,Medium (60-75%),3.2205882352941178,Standard,3.1625,58.1,False,Below Average,North America,2,Experimental
Scharffen Berger,Semisweet,56,2006,USA,3.0,Blend,,62.0,False,False,False,Medium (60-75%),3.2205882352941178,Standard,,,False,Average,North America,1,Mass Market
Seaforth,Dominican Republic,1658,2015,U.K.,2.75,,Dominican Republic,70.0,False,False,False,Medium (60-75%),2.75,Low-Rated,3.2063253012048194,60.3,False,Average,Other,0,Premium
Seaforth,Grenada,1658,2015,U.K.,2.75,,Grenada,70.0,False,False,False,Medium (60-75%),2.75,Low-Rated,3.026315789473684,51.3,False,Average,Other,0,Premium
Shark Mountain,Jamaica,1450,2015,USA,3.25,Trinitario,Jamaica,72.0,False,False,False,Medium (60-75%),3.208333333333333,Standard,3.1625,58.1,False,Good,North America,0,Premium
Shark Mountain,Papua New Guinea,1450,2015,USA,3.5,Forastero,Papua New Guinea,73.0,False,False,True,Medium (60-75%),3.208333333333333,Standard,3.2916666666666665,64.6,True,Good,North America,0,Premium
Shark Mountain,Cuyagua,1466,2015,USA,2.75,Criollo,Venezuela,77.0,False,False,False,High (>75%),3.208333333333333,Standard,3.2453271028037385,62.3,True,Average,North America,2,Experimental
Shark Mountain,Roig,1466,2015,USA,3.5,"Criollo, Trinitario",Dominican Republic,74.0,False,False,True,Medium (60-75%),3.208333333333333,Standard,3.2063253012048194,60.3,False,Good,North America,0,Premium
Shark Mountain,Ecuador,1335,2014,USA,3.0,Trinitario,Ecuador,75.0,False,False,False,Medium (60-75%),3.208333333333333,Standard,3.134715025906736,56.7,False,Average,North America,0,Premium
Shark Mountain,"Belize, 2013",1335,2014,USA,3.25,"Criollo, Trinitario",Belize,72.0,False,False,False,Medium (60-75%),3.208333333333333,Standard,3.2346938775510203,61.7,False,Good,North America,0,Premium
Shark'S,Hilo,713,2011,USA,2.0,,Hawaii,73.0,False,False,False,Medium (60-75%),2.25,Low-Rated,3.2142857142857144,60.7,False,Below Average,North America,2,Experimental
Shark'S,"Hilo, W/ Added Cocoa Butter",721,2011,USA,2.5,,Hawaii,73.0,False,False,False,Medium (60-75%),2.25,Low-Rated,3.2142857142857144,60.7,False,Below Average,North America,2,Experimental
Shattel,Tingo Maria,1884,2016,Peru,3.25,,Peru,70.0,False,False,False,Medium (60-75%),3.25,Standard,3.137878787878788,56.9,False,Good,South America,0,Premium
Shattell,Porcelana,757,2011,Peru,3.5,Criollo,Peru,75.0,False,False,True,Medium (60-75%),3.5,Elite,3.137878787878788,56.9,False,Good,South America,1,Mass Market
Sibu,Oro,1586,2015,Costa Rica,3.25,,Costa Rica,82.0,False,False,False,High (>75%),3.375,Standard,3.1447368421052637,57.2,False,Good,Central America,2,Experimental
Sibu,Oscuro,1586,2015,Costa Rica,3.5,,Costa Rica,70.0,False,False,True,Medium (60-75%),3.375,Standard,3.1447368421052637,57.2,False,Good,Central America,0,Premium
Sibu Sura,Peru,911,2012,USA,2.5,,Peru,70.0,False,False,False,Medium (60-75%),2.5,Low-Rated,3.137878787878788,56.9,False,Below Average,North America,2,Experimental
Silvio Bessone,Maya Belize,717,2011,Italy,3.0,Criollo,Belize,67.0,False,False,False,Medium (60-75%),3.125,Standard,3.2346938775510203,61.7,False,Average,Europe,1,Mass Market
Silvio Bessone,"Trintade, Sao Tome",725,2011,Italy,3.25,Forastero,Sao Tome,65.0,False,False,False,Medium (60-75%),3.125,Standard,3.175,58.7,False,Good,Europe,1,Mass Market
Silvio Bessone,"Bahia, Scavina",729,2011,Italy,3.25,Trinitario,Brazil,60.0,False,False,False,Medium (60-75%),3.125,Standard,3.284482758620689,64.2,True,Good,Europe,1,Mass Market
Silvio Bessone,"Porcelana, Colombia, Amazonas",741,2011,Italy,3.0,"Criollo, Trinitario",Colombia,68.0,False,False,False,Medium (60-75%),3.125,Standard,3.225,61.3,False,Average,Europe,1,Mass Market
Sirene,Wild Bolivia,1788,2016,Canada,3.5,,Bolivia,73.0,False,False,True,Medium (60-75%),3.409090909090909,Elite,3.1973684210526314,59.9,False,Good,North America,0,Premium
Sirene,Kokoa Kamili Coop,1856,2016,Canada,3.5,,Tanzania,73.0,False,False,True,Medium (60-75%),3.409090909090909,Elite,3.2058823529411766,60.3,False,Good,North America,0,Premium
Sirene,"Esmeraldas, Salazar Farm",1860,2016,Canada,3.75,,Ecuador,73.0,False,False,True,Medium (60-75%),3.409090909090909,Elite,3.134715025906736,56.7,False,Outstanding,North America,0,Premium
Sirene,"Somia Plantation, 2012",1502,2015,Canada,3.0,Trinitario,Madagascar,100.0,False,True,False,High (>75%),3.409090909090909,Elite,3.2655172413793103,63.3,True,Average,North America,2,Experimental
Sirene,"Camino Verde P., Balao, Guayas, 2012",1506,2015,Canada,3.0,,Ecuador,100.0,False,True,False,High (>75%),3.409090909090909,Elite,3.134715025906736,56.7,False,Average,North America,2,Experimental
Sirene,Lachua W/ Cane Sugar,1614,2015,Canada,3.0,,Guatemala,73.0,False,False,False,Medium (60-75%),3.409090909090909,Elite,3.321428571428572,66.1,True,Average,North America,0,Premium
Sirene,"Lachua W/ Maple Sugar, Batch 5",1614,2015,Canada,3.25,,Guatemala,73.0,False,False,False,Medium (60-75%),3.409090909090909,Elite,3.321428571428572,66.1,True,Good,North America,0,Premium
Sirene,Pisa,1650,2015,Canada,3.25,,Haiti,73.0,False,False,False,Medium (60-75%),3.409090909090909,Elite,3.388888888888889,69.4,True,Good,North America,0,Premium
Sirene,"Somia Plantation, 2012",1339,2014,Canada,3.75,Trinitario,Madagascar,67.0,False,False,True,Medium (60-75%),3.409090909090909,Elite,3.2655172413793103,63.3,True,Outstanding,North America,0,Premium
Sirene,"Somia Plantation, 2012",1339,2014,Canada,3.75,Trinitario,Madagascar,73.0,False,False,True,Medium (60-75%),3.409090909090909,Elite,3.2655172413793103,63.3,True,Outstanding,North America,0,Premium
Sirene,"Camino Verde P., Balao, Guayas",1343,2014,Canada,3.75,,Ecuador,73.0,False,False,True,Medium (60-75%),3.409090909090909,Elite,3.134715025906736,56.7,False,Outstanding,North America,0,Premium
Sjolinds,Ghana,1454,2015,USA,2.75,Forastero,Ghana,70.0,False,False,False,Medium (60-75%),2.875,Low-Rated,3.090909090909091,54.5,False,Average,North America,0,Premium
Sjolinds,Nicaragua,1462,2015,USA,3.0,,Nicaragua,72.0,False,False,False,Medium (60-75%),2.875,Low-Rated,3.2,60.0,False,Average,North America,0,Premium
"Smooth Chocolator, The","Oko Caribe, Dor005",1940,2017,Australia,3.5,,Dominican Republic,70.0,False,False,True,Medium (60-75%),3.515625,Elite,3.2063253012048194,60.3,False,Good,Asia-Pacific,0,Premium
"Smooth Chocolator, The","Guasare, La Sierra De Perija, Batch Gua001",1740,2016,Australia,3.75,Criollo,Venezuela,70.0,False,False,True,Medium (60-75%),3.515625,Elite,3.2453271028037385,62.3,True,Outstanding,Asia-Pacific,0,Premium
"Smooth Chocolator, The","Porcelana, Sorotaima,Machiques,Batch Pcl001",1740,2016,Australia,4.0,Criollo,Ecuador,70.0,False,False,True,Medium (60-75%),3.515625,Elite,3.134715025906736,56.7,False,Outstanding,Asia-Pacific,0,Premium
"Smooth Chocolator, The","Maya Mtn, Moho R., Toledo D.",1756,2016,Australia,3.75,,Belize,70.0,False,False,True,Medium (60-75%),3.515625,Elite,3.2346938775510203,61.7,False,Outstanding,Asia-Pacific,0,Premium
"Smooth Chocolator, The",Tien Giang,1864,2016,Australia,3.0,Trinitario,Vietnam,70.0,False,False,False,Medium (60-75%),3.515625,Elite,3.3157894736842106,65.8,True,Average,Asia-Pacific,0,Premium
"Smooth Chocolator, The",Australia,1864,2016,Australia,3.75,,Australia,67.0,False,False,True,Medium (60-75%),3.515625,Elite,3.25,62.5,True,Outstanding,Asia-Pacific,0,Premium
"Smooth Chocolator, The","Chimelb, Lanquin, Alta Verapaz, B-Gua001",1908,2016,Australia,3.25,,Guatemala,70.0,False,False,False,Medium (60-75%),3.515625,Elite,3.321428571428572,66.1,True,Good,Asia-Pacific,0,Premium
"Smooth Chocolator, The",Akesson'S Estate,1618,2015,Australia,3.25,Trinitario,Madagascar,65.0,False,False,False,Medium (60-75%),3.515625,Elite,3.2655172413793103,63.3,True,Good,Asia-Pacific,0,Premium
"Smooth Chocolator, The",Akesson'S Estate,1622,2015,Australia,3.5,Trinitario,Madagascar,70.0,False,False,True,Medium (60-75%),3.515625,Elite,3.2655172413793103,63.3,True,Good,Asia-Pacific,0,Premium
"Smooth Chocolator, The",Kokoa Kamili,1622,2015,Australia,3.75,,Tanzania,67.0,False,False,True,Medium (60-75%),3.515625,Elite,3.2058823529411766,60.3,False,Outstanding,Asia-Pacific,0,Premium
"Smooth Chocolator, The",San Juan Estate,1622,2015,Australia,3.75,Trinitario,Trinidad,70.0,False,False,True,Medium (60-75%),3.515625,Elite,3.2045454545454546,60.2,False,Outstanding,Asia-Pacific,0,Premium
"Smooth Chocolator, The",Camino Verde,1622,2015,Australia,4.0,,Ecuador,72.0,False,False,True,Medium (60-75%),3.515625,Elite,3.134715025906736,56.7,False,Outstanding,Asia-Pacific,0,Premium
"Smooth Chocolator, The",Bolivia,1626,2015,Australia,2.75,,Bolivia,72.0,False,False,False,Medium (60-75%),3.515625,Elite,3.1973684210526314,59.9,False,Average,Asia-Pacific,0,Premium
"Smooth Chocolator, The","Papua New Guinea, Triple Roast, Batch 1",1662,2015,Australia,3.5,,Papua New Guinea,65.0,False,False,True,Medium (60-75%),3.515625,Elite,3.2916666666666665,64.6,True,Good,Asia-Pacific,0,Premium
"Smooth Chocolator, The","Maranon, Batch 2",1666,2015,Australia,3.0,Forastero (Nacional),Peru,67.0,False,False,False,Medium (60-75%),3.515625,Elite,3.137878787878788,56.9,False,Average,Asia-Pacific,0,Premium
"Smooth Chocolator, The","Chuao, Batch 3",1666,2015,Australia,3.75,Trinitario,Venezuela,70.0,False,False,True,Medium (60-75%),3.515625,Elite,3.2453271028037385,62.3,True,Outstanding,Asia-Pacific,0,Premium
Snake & Butterfly,Ghana,693,2011,USA,1.5,Forastero,Ghana,67.0,False,False,False,Medium (60-75%),2.583333333333333,Low-Rated,3.090909090909091,54.5,False,Poor,North America,2,Experimental
Snake & Butterfly,Madagascar,502,2010,USA,3.0,Trinitario,Madagascar,68.0,False,False,False,Medium (60-75%),2.583333333333333,Low-Rated,3.2655172413793103,63.3,True,Average,North America,1,Mass Market
Snake & Butterfly,Ecuador,502,2010,USA,3.25,,Ecuador,68.0,False,False,False,Medium (60-75%),2.583333333333333,Low-Rated,3.134715025906736,56.7,False,Good,North America,1,Mass Market
Sol Cacao,"Ecuador, Batch 1",1812,2016,USA,3.5,,Ecuador,70.0,False,False,True,Medium (60-75%),3.25,Standard,3.134715025906736,56.7,False,Good,North America,0,Premium
Sol Cacao,Madagascar,1518,2015,USA,3.0,Trinitario,Madagascar,72.0,False,False,False,Medium (60-75%),3.25,Standard,3.2655172413793103,63.3,True,Average,North America,0,Premium
Solkiki,"Maranon, Fortunato No. 4",1840,2016,U.K.,2.75,Forastero (Nacional),Peru,68.0,False,False,False,Medium (60-75%),2.75,Low-Rated,3.137878787878788,56.9,False,Average,Other,0,Premium
Solkiki,"Castillo, Hispaniola, Unroasted",1840,2016,U.K.,2.75,,Dominican Republic,85.0,False,False,False,High (>75%),2.75,Low-Rated,3.2063253012048194,60.3,False,Average,Other,2,Experimental
Solomons Gold,Solomon Island,1792,2016,New Zealand,3.25,,Solomon Islands,70.0,False,False,False,Medium (60-75%),3.25,Standard,3.4375,71.9,True,Good,Asia-Pacific,0,Premium
Solomons Gold,Solomon Island W/ Nibs,1796,2016,New Zealand,3.25,,Solomon Islands,75.0,False,False,False,Medium (60-75%),3.25,Standard,3.4375,71.9,True,Good,Asia-Pacific,0,Premium
Solstice,Bundibugyo,1335,2014,USA,3.0,"Forastero, Trinitario",Uganda,70.0,False,False,False,Medium (60-75%),3.1666666666666665,Standard,2.8125,40.6,False,Average,North America,0,Premium
Solstice,Sambirano,1157,2013,USA,3.0,Trinitario,Madagascar,70.0,False,False,False,Medium (60-75%),3.1666666666666665,Standard,3.2655172413793103,63.3,True,Average,North America,0,Premium
Solstice,Amazonas,1157,2013,USA,3.0,,Venezuela,70.0,False,False,False,Medium (60-75%),3.1666666666666665,Standard,3.2453271028037385,62.3,True,Average,North America,0,Premium
Solstice,Bolivia,1161,2013,USA,3.25,,Bolivia,70.0,False,False,False,Medium (60-75%),3.1666666666666665,Standard,3.1973684210526314,59.9,False,Good,North America,0,Premium
Solstice,San Martin,1161,2013,USA,3.25,,Peru,70.0,False,False,False,Medium (60-75%),3.1666666666666665,Standard,3.137878787878788,56.9,False,Good,North America,0,Premium
Solstice,Wasatch,1161,2013,USA,3.5,Blend,,70.0,False,False,True,Medium (60-75%),3.1666666666666665,Standard,,,False,Good,North America,0,Premium
Soma,"Oko Caribe, Duarte P., Collab W Chocosol",1820,2016,Canada,3.5,,Dominican Republic,62.0,False,False,True,Medium (60-75%),3.5851063829787235,Elite,3.2063253012048194,60.3,False,Good,North America,0,Premium
Soma,"Sambirano Valley, Black Science, B-60307.0",1820,2016,Canada,3.5,Trinitario,Madagascar,70.0,False,False,True,Medium (60-75%),3.5851063829787235,Elite,3.2655172413793103,63.3,True,Good,North America,0,Premium
Soma,"Bahia Black, Batch Bra50722.1",1828,2016,Canada,3.5,Forastero (Parazinho),Brazil,70.0,False,False,True,Medium (60-75%),3.5851063829787235,Elite,3.284482758620689,64.2,True,Good,North America,0,Premium
Soma,"Abstract S. W/ Jamaica Nibs,Batch Abs60323.0",1828,2016,Canada,3.75,,"Ven.,Ecu.,Peru,Nic.",75.0,False,False,True,Medium (60-75%),3.5851063829787235,Elite,3.75,87.5,True,Outstanding,North America,0,Premium
Soma,"Chuno, San Jose De Bocay, Pantasma R.,B.S.",1828,2016,Canada,3.75,Trinitario,Nicaragua,70.0,False,False,True,Medium (60-75%),3.5851063829787235,Elite,3.2,60.0,False,Outstanding,North America,0,Premium
Soma,"Tien Giang, Black S., Batch Vit60420.0",1828,2016,Canada,4.0,Trinitario,Vietnam,70.0,False,False,True,Medium (60-75%),3.5851063829787235,Elite,3.3157894736842106,65.8,True,Outstanding,North America,0,Premium
Soma,"Camino Verde, Black S., Batch Cvu6030.0",1832,2016,Canada,3.25,,Ecuador,70.0,False,False,False,Medium (60-75%),3.5851063829787235,Elite,3.134715025906736,56.7,False,Good,North America,0,Premium
Soma,Csb Chama,1594,2015,Canada,3.5,Criollo,Venezuela,70.0,False,False,True,Medium (60-75%),3.5851063829787235,Elite,3.2453271028037385,62.3,True,Good,North America,0,Premium
Soma,Porcelana,1594,2015,Canada,4.0,,Venezuela,75.0,False,False,True,Medium (60-75%),3.5851063829787235,Elite,3.2453271028037385,62.3,True,Outstanding,North America,0,Premium
Soma,"La Tronca, Matagalpa",1227,2014,Canada,3.5,,Nicaragua,70.0,False,False,True,Medium (60-75%),3.5851063829787235,Elite,3.2,60.0,False,Good,North America,0,Premium
Soma,Maranon Canyon,1259,2014,Canada,3.75,Forastero (Nacional),Peru,70.0,False,False,True,Medium (60-75%),3.5851063829787235,Elite,3.137878787878788,56.9,False,Outstanding,North America,0,Premium
Soma,La Dalia,1307,2014,Canada,3.25,Trinitario,Nicaragua,70.0,False,False,False,Medium (60-75%),3.5851063829787235,Elite,3.2,60.0,False,Good,North America,0,Premium
Soma,"Camino Verde P., Balao, Guayas",1307,2014,Canada,3.5,Forastero (Nacional),Ecuador,80.0,False,False,True,High (>75%),3.5851063829787235,Elite,3.134715025906736,56.7,False,Good,North America,0,Premium
Soma,"Espiritu Santo, 'Smoke Monster'",1307,2014,Canada,3.75,Forastero (Amelonado),Vanuatu,70.0,False,False,True,Medium (60-75%),3.5851063829787235,Elite,3.25,62.5,True,Outstanding,North America,0,Premium
Soma,Little Big Man,1339,2014,Canada,3.25,Blend,Madagascar & Ecuador,70.0,False,False,False,Medium (60-75%),3.5851063829787235,Elite,3.25,62.5,True,Good,North America,0,Premium
Soma,"Rizek Cacao, Domin. Rep.",1019,2013,Canada,3.75,Trinitario,Dominican Republic,77.0,False,False,True,High (>75%),3.5851063829787235,Elite,3.2063253012048194,60.3,False,Outstanding,North America,0,Premium
Soma,Java,1030,2013,Canada,3.25,Criollo,Indonesia,70.0,False,False,False,Medium (60-75%),3.5851063829787235,Elite,3.1875,59.4,False,Good,North America,0,Premium
Soma,"Apurimac, El Quinacho Co-Op",1073,2013,Canada,2.75,Criollo,Peru,70.0,False,False,False,Medium (60-75%),3.5851063829787235,Elite,3.137878787878788,56.9,False,Average,North America,0,Premium
Soma,"Sangre Grande P., Trinidad",1073,2013,Canada,3.75,Trinitario,Trinidad,70.0,False,False,True,Medium (60-75%),3.5851063829787235,Elite,3.2045454545454546,60.2,False,Outstanding,North America,0,Premium
Soma,Chef'S Blend,1077,2013,Canada,3.25,,,70.0,False,False,False,Medium (60-75%),3.5851063829787235,Elite,,,False,Good,North America,0,Premium
Soma,Patanemo,1077,2013,Canada,3.75,Criollo,Venezuela,70.0,False,False,True,Medium (60-75%),3.5851063829787235,Elite,3.2453271028037385,62.3,True,Outstanding,North America,0,Premium
Soma,Crazy 88,1077,2013,Canada,4.0,,"Guat., D.R., Peru, Mad., Png",88.0,False,False,True,High (>75%),3.5851063829787235,Elite,4.0,100.0,True,Outstanding,North America,0,Premium
Soma,"Maracaibo, El Vigia",1077,2013,Canada,4.0,Criollo,Venezuela,70.0,False,False,True,Medium (60-75%),3.5851063829787235,Elite,3.2453271028037385,62.3,True,Outstanding,North America,0,Premium
Soma,Equator,1081,2013,Canada,4.0,,"Peru, Dom. Rep",67.0,False,False,True,Medium (60-75%),3.5851063829787235,Elite,4.0,100.0,True,Outstanding,North America,0,Premium
Soma,Orinoco,1173,2013,Canada,3.25,Forastero,Venezuela,70.0,False,False,False,Medium (60-75%),3.5851063829787235,Elite,3.2453271028037385,62.3,True,Good,North America,0,Premium
Soma,"Bachelor'S Hall E., St. Thomas Parish",1177,2013,Canada,4.0,Trinitario,Jamaica,70.0,False,False,True,Medium (60-75%),3.5851063829787235,Elite,3.1625,58.1,False,Outstanding,North America,0,Premium
Soma,Noula Coop,817,2012,Canada,3.25,,Haiti,70.0,False,False,False,Medium (60-75%),3.5851063829787235,Elite,3.388888888888889,69.4,True,Good,North America,0,Premium
Soma,O'Ahu,833,2012,Canada,3.75,,Hawaii,70.0,False,False,True,Medium (60-75%),3.5851063829787235,Elite,3.2142857142857144,60.7,False,Outstanding,North America,0,Premium
Soma,"Dual Origins, Sambirano, Elvesia",867,2012,Canada,4.0,Blend,"Dom. Rep., Madagascar",70.0,False,False,True,Medium (60-75%),3.5851063829787235,Elite,4.0,100.0,True,Outstanding,North America,0,Premium
Soma,"Dancing In Your Head, 5 Bean Blend",867,2012,Canada,4.0,Blend,"Gre., Png, Haw., Haiti, Mad",70.0,False,False,True,Medium (60-75%),3.5851063829787235,Elite,4.0,100.0,True,Outstanding,North America,0,Premium
Soma,Cahabon Region,951,2012,Canada,3.5,Trinitario,Guatemala,70.0,False,False,True,Medium (60-75%),3.5851063829787235,Elite,3.321428571428572,66.1,True,Good,North America,0,Premium
Soma,Carenero Superior,951,2012,Canada,3.75,Trinitario,Venezuela,70.0,False,False,True,Medium (60-75%),3.5851063829787235,Elite,3.2453271028037385,62.3,True,Outstanding,North America,0,Premium
Soma,Eastern Promises,967,2012,Canada,3.5,Blend,"Mad., Java, Png",70.0,False,False,True,Medium (60-75%),3.5851063829787235,Elite,3.5,75.0,True,Good,North America,0,Premium
Soma,Papua New Guinea,983,2012,Canada,3.5,Trinitario,Papua New Guinea,85.0,False,False,True,High (>75%),3.5851063829787235,Elite,3.2916666666666665,64.6,True,Good,North America,2,Experimental
Soma,"Grenada, Black Science",676,2011,Canada,2.75,Trinitario,Grenada,70.0,False,False,False,Medium (60-75%),3.5851063829787235,Elite,3.026315789473684,51.3,False,Average,North America,1,Mass Market
Soma,"Alto Beni, Wild Bolivian",676,2011,Canada,3.5,Nacional,Bolivia,70.0,False,False,True,Medium (60-75%),3.5851063829787235,Elite,3.1973684210526314,59.9,False,Good,North America,1,Mass Market
Soma,Peruvian,676,2011,Canada,4.0,,Peru,64.0,False,False,True,Medium (60-75%),3.5851063829787235,Elite,3.137878787878788,56.9,False,Outstanding,North America,1,Mass Market
Soma,"Three Amigos(Chuao, Wild Bolivia, D.R.)",676,2011,Canada,4.0,Unknown,"Ven, Bolivia, D.R.",70.0,False,False,True,Medium (60-75%),3.5851063829787235,Elite,4.0,100.0,True,Outstanding,North America,1,Mass Market
Soma,"Elvesia P., Black Science",682,2011,Canada,3.75,Forastero,Dominican Republic,70.0,False,False,True,Medium (60-75%),3.5851063829787235,Elite,3.2063253012048194,60.3,False,Outstanding,North America,1,Mass Market
Soma,Chuao,688,2011,Canada,3.5,Criollo,Venezuela,70.0,False,False,True,Medium (60-75%),3.5851063829787235,Elite,3.2453271028037385,62.3,True,Good,North America,1,Mass Market
Soma,Black Science Blend 1,607,2010,Canada,3.75,"Trinitario, Nacional","Dr, Ecuador, Peru",70.0,False,False,True,Medium (60-75%),3.5851063829787235,Elite,3.75,87.5,True,Outstanding,North America,1,Mass Market
Soma,Hispaniola,377,2009,Canada,3.0,Forastero,Dominican Republic,70.0,False,False,False,Medium (60-75%),3.5851063829787235,Elite,3.2063253012048194,60.3,False,Average,North America,1,Mass Market
Soma,Africa,377,2009,Canada,3.5,Forastero,Ghana,70.0,False,False,True,Medium (60-75%),3.5851063829787235,Elite,3.090909090909091,54.5,False,Good,North America,1,Mass Market
Soma,Conacado,387,2009,Canada,3.0,Trinitario,Dominican Republic,70.0,False,False,False,Medium (60-75%),3.5851063829787235,Elite,3.2063253012048194,60.3,False,Average,North America,1,Mass Market
Soma,Papua New Guinea,387,2009,Canada,3.5,Trinitario,Papua New Guinea,70.0,False,False,True,Medium (60-75%),3.5851063829787235,Elite,3.2916666666666665,64.6,True,Good,North America,1,Mass Market
Soma,Madagascar,387,2009,Canada,3.75,Criollo,Madagascar,70.0,False,False,True,Medium (60-75%),3.5851063829787235,Elite,3.2655172413793103,63.3,True,Outstanding,North America,1,Mass Market
Soma,Ocumare,387,2009,Canada,3.75,Criollo,Venezuela,70.0,False,False,True,Medium (60-75%),3.5851063829787235,Elite,3.2453271028037385,62.3,True,Outstanding,North America,1,Mass Market
Somerville,Nicaragua,1367,2014,USA,3.25,,Nicaragua,70.0,False,False,False,Medium (60-75%),3.375,Standard,3.2,60.0,False,Good,North America,0,Premium
Somerville,"Hawaiian, Big Island",1395,2014,USA,3.5,,Hawaii,70.0,False,False,True,Medium (60-75%),3.375,Standard,3.2142857142857144,60.7,False,Good,North America,0,Premium
Soul,Dominican Republic,1932,2017,Canada,3.25,,Dominican Republic,70.0,False,False,False,Medium (60-75%),3.375,Standard,3.2063253012048194,60.3,False,Good,North America,0,Premium
Soul,Madagascar,1936,2017,Canada,3.5,,Madagascar,70.0,False,False,True,Medium (60-75%),3.375,Standard,3.2655172413793103,63.3,True,Good,North America,0,Premium
Soul,Venezuela,1936,2017,Canada,3.5,,Venezuela,75.0,False,False,True,Medium (60-75%),3.375,Standard,3.2453271028037385,62.3,True,Good,North America,0,Premium
Soul,Ecuador,1936,2017,Canada,3.25,,Ecuador,75.0,False,False,False,Medium (60-75%),3.375,Standard,3.134715025906736,56.7,False,Good,North America,0,Premium
Soul,Papua New Guinea,1936,2017,Canada,3.25,,Papua New Guinea,77.0,False,False,False,High (>75%),3.375,Standard,3.2916666666666665,64.6,True,Good,North America,0,Premium
Soul,Tanzania,1940,2017,Canada,3.5,,Tanzania,80.0,False,False,True,High (>75%),3.375,Standard,3.2058823529411766,60.3,False,Good,North America,0,Premium
Spagnvola,Agrocriso Plantation,793,2012,USA,3.0,,Dominican Republic,70.0,False,False,False,Medium (60-75%),3.083333333333333,Standard,3.2063253012048194,60.3,False,Average,North America,0,Premium
Spagnvola,Agrocriso Plantation,793,2012,USA,3.0,,Dominican Republic,80.0,False,False,False,High (>75%),3.083333333333333,Standard,3.2063253012048194,60.3,False,Average,North America,2,Experimental
Spagnvola,Agrocriso Plantation,793,2012,USA,3.25,,Dominican Republic,75.0,False,False,False,Medium (60-75%),3.083333333333333,Standard,3.2063253012048194,60.3,False,Good,North America,0,Premium
Spencer,Dominican Republic,1932,2017,USA,3.75,,Dominican Republic,70.0,False,False,True,Medium (60-75%),3.392857142857143,Standard,3.2063253012048194,60.3,False,Outstanding,North America,0,Premium
Spencer,Ecuador,1932,2017,USA,3.5,,Ecuador,70.0,False,False,True,Medium (60-75%),3.392857142857143,Standard,3.134715025906736,56.7,False,Good,North America,0,Premium
Spencer,Peru,1932,2017,USA,2.75,,Peru,70.0,False,False,False,Medium (60-75%),3.392857142857143,Standard,3.137878787878788,56.9,False,Average,North America,0,Premium
Spencer,"Dominican Republic, Lot D82R",1792,2016,Australia,3.5,,Dominican Republic,70.0,False,False,True,Medium (60-75%),3.392857142857143,Standard,3.2063253012048194,60.3,False,Good,Asia-Pacific,0,Premium
Spencer,"Ecuador, Lot E432314L",1792,2016,Australia,3.75,,Ecuador,70.0,False,False,True,Medium (60-75%),3.392857142857143,Standard,3.134715025906736,56.7,False,Outstanding,Asia-Pacific,0,Premium
Spencer,"Madagascar, Lot M0403R",1792,2016,Australia,3.75,,Madagascar,70.0,False,False,True,Medium (60-75%),3.392857142857143,Standard,3.2655172413793103,63.3,True,Outstanding,Asia-Pacific,0,Premium
Spencer,Malekula Island,1434,2014,Australia,2.75,Trinitario,Vanuatu,72.0,False,False,False,Medium (60-75%),3.392857142857143,Standard,3.25,62.5,True,Average,Asia-Pacific,0,Premium
Sprungli (Felchlin),Alto Beni,1057,2013,Switzerland,3.0,Criollo,Bolivia,70.0,False,False,False,Medium (60-75%),3.0,Standard,3.1973684210526314,59.9,False,Average,Europe,0,Premium
Srsly,Dominican Republic,1113,2013,USA,3.0,,Dominican Republic,70.0,False,False,False,Medium (60-75%),2.625,Low-Rated,3.2063253012048194,60.3,False,Average,North America,0,Premium
Srsly,Dominican Republic,1121,2013,USA,2.25,,Dominican Republic,84.0,False,False,False,High (>75%),2.625,Low-Rated,3.2063253012048194,60.3,False,Below Average,North America,2,Experimental
Starchild,"Bolivar, Arriba",1634,2015,USA,3.0,Forastero (Nacional),Ecuador,70.0,False,False,False,Medium (60-75%),3.0,Standard,3.134715025906736,56.7,False,Average,North America,0,Premium
Starchild,Hispaniola,1692,2015,USA,3.0,,Dominican Republic,70.0,False,False,False,Medium (60-75%),3.0,Standard,3.2063253012048194,60.3,False,Average,North America,0,Premium
Starchild,Cacao Verapaz,1692,2015,USA,3.0,,Guatemala,70.0,False,False,False,Medium (60-75%),3.0,Standard,3.321428571428572,66.1,True,Average,North America,0,Premium
Starchild,Rio Tuma,1692,2015,USA,3.0,Trinitario (Amelonado),Nicaragua,70.0,False,False,False,Medium (60-75%),3.0,Standard,3.2,60.0,False,Average,North America,0,Premium
Starchild,Sambirano Valley,1696,2015,USA,3.0,Trinitario,Madagascar,70.0,False,False,False,Medium (60-75%),3.0,Standard,3.2655172413793103,63.3,True,Average,North America,0,Premium
Stella (Aka Bernrain),"Bahia, Agri-Forestal Plantation, 2010",859,2012,Switzerland,2.75,Trinitario,Brazil,68.0,False,False,False,Medium (60-75%),3.0,Standard,3.284482758620689,64.2,True,Average,Europe,0,Premium
Stella (Aka Bernrain),India,729,2011,Switzerland,3.25,,India,72.0,False,False,False,Medium (60-75%),3.0,Standard,3.125,56.2,False,Good,Europe,1,Mass Market
Stone Grindz,"Ecuador, Midnight Dark",1291,2014,USA,3.5,,Ecuador,84.0,False,False,True,High (>75%),3.5,Elite,3.134715025906736,56.7,False,Good,North America,2,Experimental
Stone Grindz,"Ecuador, Twilght Dark",1291,2014,USA,3.5,,Ecuador,70.0,False,False,True,Medium (60-75%),3.5,Elite,3.134715025906736,56.7,False,Good,North America,0,Premium
Strita Supreme,"Samar, East Visayas Region",939,2012,USA,2.5,,Philippines,65.0,False,False,False,Medium (60-75%),2.583333333333333,Low-Rated,3.0,50.0,False,Below Average,North America,1,Mass Market
Strita Supreme,"Samar, East Visayas Region",943,2012,USA,2.5,,Philippines,70.0,False,False,False,Medium (60-75%),2.583333333333333,Low-Rated,3.0,50.0,False,Below Average,North America,2,Experimental
Strita Supreme,"Samar, East Visayas Region",943,2012,USA,2.75,,Philippines,75.0,False,False,False,Medium (60-75%),2.583333333333333,Low-Rated,3.0,50.0,False,Average,North America,2,Experimental
Sublime Origins,Sambirano,1157,2013,USA,2.75,Trinitario,Madagascar,67.0,False,False,False,Medium (60-75%),3.0,Standard,3.2655172413793103,63.3,True,Average,North America,0,Premium
Sublime Origins,Moho Valley,1157,2013,USA,3.25,Trinitario,Belize,78.0,False,False,False,High (>75%),3.0,Standard,3.2346938775510203,61.7,False,Good,North America,0,Premium
Summerbird,Peru,1800,2016,Denmark,2.5,"Criollo, Trinitario",Peru,61.0,False,False,False,Medium (60-75%),2.75,Low-Rated,3.137878787878788,56.9,False,Below Average,Europe,0,Premium
Summerbird,Peru,1800,2016,Denmark,3.0,"Criollo, Trinitario",Peru,71.0,False,False,False,Medium (60-75%),2.75,Low-Rated,3.137878787878788,56.9,False,Average,Europe,0,Premium
Suruca Chocolate,Venezuela,1796,2016,Venezuela,2.75,,Venezuela,70.0,False,False,False,Medium (60-75%),2.875,Low-Rated,3.2453271028037385,62.3,True,Average,South America,0,Premium
Suruca Chocolate,Venezuela,1796,2016,Venezuela,3.0,,Venezuela,60.0,False,False,False,Medium (60-75%),2.875,Low-Rated,3.2453271028037385,62.3,True,Average,South America,0,Premium
Svenska Kakaobolaget,Sri Lanka,1618,2015,Sweden,2.75,"Criollo, Trinitario",Sri Lanka,70.0,False,False,False,Medium (60-75%),2.75,Low-Rated,2.875,43.8,False,Average,Europe,0,Premium
Szanto Tibor,Nacional,1668,2015,Hungary,3.25,,Ecuador,70.0,False,False,False,Medium (60-75%),3.4,Standard,3.134715025906736,56.7,False,Good,Europe,0,Premium
Szanto Tibor,Baracoa,1704,2015,Hungary,3.25,Trinitario,Cuba,88.0,False,False,False,High (>75%),3.4,Standard,3.25,62.5,True,Good,Europe,2,Experimental
Szanto Tibor,Ambolikapiky,1704,2015,Hungary,3.25,Trinitario,Madagascar,70.0,False,False,False,Medium (60-75%),3.4,Standard,3.2655172413793103,63.3,True,Good,Europe,0,Premium
Szanto Tibor,"Winak, Sumaco",1704,2015,Hungary,3.75,Forastero (Nacional),Ecuador,70.0,False,False,True,Medium (60-75%),3.4,Standard,3.134715025906736,56.7,False,Outstanding,Europe,0,Premium
Szanto Tibor,"Ben Tre, Mekong Delta",1708,2015,Hungary,3.25,Trinitario,Vietnam,70.0,False,False,False,Medium (60-75%),3.4,Standard,3.3157894736842106,65.8,True,Good,Europe,0,Premium
Szanto Tibor,"Fazenda Sempre Firme, Bahia",1708,2015,Hungary,3.5,Forastero (Parazinho),Brazil,70.0,False,False,True,Medium (60-75%),3.4,Standard,3.284482758620689,64.2,True,Good,Europe,0,Premium
Szanto Tibor,Porcelana,1263,2014,Hungary,3.5,Criollo,Venezuela,70.0,False,False,True,Medium (60-75%),3.4,Standard,3.2453271028037385,62.3,True,Good,Europe,0,Premium
Szanto Tibor,Baracoa,1263,2014,Hungary,3.75,Trinitario,Cuba,70.0,False,False,True,Medium (60-75%),3.4,Standard,3.25,62.5,True,Outstanding,Europe,0,Premium
Szanto Tibor,"Autumn, Primary Harvest, 2012",1185,2013,Hungary,3.5,Criollo,Madagascar,70.0,False,False,True,Medium (60-75%),3.4,Standard,3.2655172413793103,63.3,True,Good,Europe,0,Premium
Szanto Tibor,"Spring, Secondary Harvest, 2012",1185,2013,Hungary,3.5,Criollo,Madagascar,70.0,False,False,True,Medium (60-75%),3.4,Standard,3.2655172413793103,63.3,True,Good,Europe,0,Premium
Szanto Tibor,Cacao Blanco,1193,2013,Hungary,3.25,,Nicaragua,70.0,False,False,False,Medium (60-75%),3.4,Standard,3.2,60.0,False,Good,Europe,0,Premium
Szanto Tibor,Santo Domingo,939,2012,Hungary,3.25,,Dominican Republic,70.0,False,False,False,Medium (60-75%),3.4,Standard,3.2063253012048194,60.3,False,Good,Europe,0,Premium
Szanto Tibor,Millot Plantation,939,2012,Hungary,3.25,,Madagascar,70.0,False,False,False,Medium (60-75%),3.4,Standard,3.2655172413793103,63.3,True,Good,Europe,0,Premium
Szanto Tibor,"Ayacucho, ""El Guinacho""",939,2012,Hungary,3.75,,Peru,70.0,False,False,True,Medium (60-75%),3.4,Standard,3.137878787878788,56.9,False,Outstanding,Europe,0,Premium
Szanto Tibor,Crudo,761,2011,Hungary,3.0,,Venezuela,70.0,False,False,False,Medium (60-75%),3.4,Standard,3.2453271028037385,62.3,True,Average,Europe,1,Mass Market
Tabal,Costa Rica,1101,2013,USA,2.75,,Costa Rica,70.0,False,False,False,Medium (60-75%),2.75,Low-Rated,3.1447368421052637,57.2,False,Average,North America,0,Premium
Tabal,Dominican Republic,1101,2013,USA,2.75,,Dominican Republic,70.0,False,False,False,Medium (60-75%),2.75,Low-Rated,3.2063253012048194,60.3,False,Average,North America,0,Premium
Tabal,"Chiapas, Lacandon Jungle",1105,2013,USA,2.5,,Mexico,70.0,False,False,False,Medium (60-75%),2.75,Low-Rated,3.0083333333333333,50.4,False,Below Average,North America,2,Experimental
Tabal,Peru,1105,2013,USA,3.0,,Peru,70.0,False,False,False,Medium (60-75%),2.75,Low-Rated,3.137878787878788,56.9,False,Average,North America,0,Premium
Tablette (Aka Vanillabeans),Colombia,1450,2015,Japan,3.0,,Colombia,70.0,False,False,False,Medium (60-75%),3.0625,Standard,3.225,61.3,False,Average,Asia-Pacific,0,Premium
Tablette (Aka Vanillabeans),Papua,1450,2015,Japan,3.25,,Papua New Guinea,62.0,False,False,False,Medium (60-75%),3.0625,Standard,3.2916666666666665,64.6,True,Good,Asia-Pacific,0,Premium
Tablette (Aka Vanillabeans),Vietnam,1450,2015,Japan,3.25,Trinitario,Vietnam,60.0,False,False,False,Medium (60-75%),3.0625,Standard,3.3157894736842106,65.8,True,Good,Asia-Pacific,0,Premium
Tablette (Aka Vanillabeans),Trinidad,1680,2015,Japan,2.75,Trinitario,Trinidad,77.0,False,False,False,High (>75%),3.0625,Standard,3.2045454545454546,60.2,False,Average,Asia-Pacific,2,Experimental
Tan Ban Skrati,"Paramaribo, Batch 20160043-01",1868,2016,Suriname,3.25,Trinitario,Suriname,70.0,False,False,False,Medium (60-75%),3.25,Standard,3.25,62.5,True,Good,Other,0,Premium
Taza,Belize,1271,2014,USA,3.0,Trinitario,Belize,68.0,False,False,False,Medium (60-75%),3.0,Standard,3.2346938775510203,61.7,False,Average,North America,0,Premium
Taza,Alto Beni,785,2011,USA,3.25,,Bolivia,87.0,False,False,False,High (>75%),3.0,Standard,3.1973684210526314,59.9,False,Good,North America,2,Experimental
Taza,Chiapan,451,2009,USA,2.75,,Mexico,75.0,False,False,False,Medium (60-75%),3.0,Standard,3.0083333333333333,50.4,False,Average,North America,2,Experimental
Taza,"Dark, Stone Ground",180,2007,USA,3.0,,Dominican Republic,70.0,False,False,False,Medium (60-75%),3.0,Standard,3.2063253012048194,60.3,False,Average,North America,1,Mass Market
Tcho,West Africa,1716,2016,USA,2.0,Forastero,West Africa,62.0,False,False,False,Medium (60-75%),2.65625,Low-Rated,2.583333333333333,29.2,False,Below Average,North America,0,Premium
Tcho,Peru- Ecuador,915,2012,USA,3.25,,"Peru, Ecuador",99.0,False,True,False,High (>75%),2.65625,Low-Rated,3.25,62.5,True,Good,North America,2,Experimental
Tcho,Tchopro 60.5,387,2009,USA,2.75,,,60.0,False,False,False,Medium (60-75%),2.65625,Low-Rated,,,False,Average,North America,1,Mass Market
Tcho,Tchopro 68,387,2009,USA,3.0,,,68.0,False,False,False,Medium (60-75%),2.65625,Low-Rated,,,False,Average,North America,1,Mass Market
Tcho,Chocolatey-Beta,199,2008,USA,2.5,Forastero,Ghana,70.0,False,False,False,Medium (60-75%),2.65625,Low-Rated,3.090909090909091,54.5,False,Below Average,North America,1,Mass Market
Tcho,Fruity-Beta,280,2008,USA,2.5,,Peru,70.0,False,False,False,Medium (60-75%),2.65625,Low-Rated,3.137878787878788,56.9,False,Below Average,North America,1,Mass Market
Tcho,Citrus-Beta,280,2008,USA,2.75,,Madagascar,70.0,False,False,False,Medium (60-75%),2.65625,Low-Rated,3.2655172413793103,63.3,True,Average,North America,1,Mass Market
Tcho,Nutty-Beta,284,2008,USA,2.5,,Peru,70.0,False,False,False,Medium (60-75%),2.65625,Low-Rated,3.137878787878788,56.9,False,Below Average,North America,1,Mass Market
Tejas,Concepcion,801,2012,USA,2.75,,Madagascar,70.0,False,False,False,Medium (60-75%),3.017857142857143,Standard,3.2655172413793103,63.3,True,Average,North America,2,Experimental
Tejas,Bayou Blend,801,2012,USA,3.0,Blend,"Ecuador, Mad., Png",70.0,False,False,False,Medium (60-75%),3.017857142857143,Standard,3.0,50.0,False,Average,North America,0,Premium
Tejas,Aranama,805,2012,USA,3.0,,Papua New Guinea,70.0,False,False,False,Medium (60-75%),3.017857142857143,Standard,3.2916666666666665,64.6,True,Average,North America,0,Premium
Tejas,Presidio,805,2012,USA,3.5,,Dominican Republic,70.0,False,False,True,Medium (60-75%),3.017857142857143,Standard,3.2063253012048194,60.3,False,Good,North America,0,Premium
Tejas,"La Bahia, W/ Cane Juice",817,2012,USA,3.25,,Ecuador,70.0,False,False,False,Medium (60-75%),3.017857142857143,Standard,3.134715025906736,56.7,False,Good,North America,0,Premium
Tejas,Capistrano,821,2012,USA,2.0,,Peru,70.0,False,False,False,Medium (60-75%),3.017857142857143,Standard,3.137878787878788,56.9,False,Below Average,North America,2,Experimental
Tejas,"La Bahia, W/ Cane Sugar",825,2012,USA,3.25,,Ecuador,70.0,False,False,False,Medium (60-75%),3.017857142857143,Standard,3.134715025906736,56.7,False,Good,North America,0,Premium
Tejas,San Jose,829,2012,USA,2.75,,Bolivia,70.0,False,False,False,Medium (60-75%),3.017857142857143,Standard,3.1973684210526314,59.9,False,Average,North America,2,Experimental
Tejas,Capistrano*,829,2012,USA,3.0,,Madagascar,70.0,False,False,False,Medium (60-75%),3.017857142857143,Standard,3.2655172413793103,63.3,True,Average,North America,0,Premium
Tejas,Espada,833,2012,USA,3.25,,Mexico,70.0,False,False,False,Medium (60-75%),3.017857142857143,Standard,3.0083333333333333,50.4,False,Good,North America,0,Premium
Tejas,Espada,967,2012,USA,2.75,,Brazil,70.0,False,False,False,Medium (60-75%),3.017857142857143,Standard,3.284482758620689,64.2,True,Average,North America,2,Experimental
Tejas,Concepcion*,971,2012,USA,3.0,,Venezuela,80.0,False,False,False,High (>75%),3.017857142857143,Standard,3.2453271028037385,62.3,True,Average,North America,2,Experimental
Tejas,San Jose,971,2012,USA,3.25,,Bolivia,67.0,False,False,False,Medium (60-75%),3.017857142857143,Standard,3.1973684210526314,59.9,False,Good,North America,0,Premium
Tejas,"Bahia, Floresta Azul,Good Friends Reserve#3",971,2012,USA,3.5,Forastero (Parazinho),Brazil,70.0,False,False,True,Medium (60-75%),3.017857142857143,Standard,3.284482758620689,64.2,True,Good,North America,0,Premium
Terroir,Peru,1478,2015,USA,2.75,,Peru,70.0,False,False,False,Medium (60-75%),3.5,Elite,3.137878787878788,56.9,False,Average,North America,0,Premium
Terroir,Belize,1478,2015,USA,3.75,Trinitario,Belize,70.0,False,False,True,Medium (60-75%),3.5,Elite,3.2346938775510203,61.7,False,Outstanding,North America,0,Premium
Terroir,Madagascar,1478,2015,USA,3.75,Trinitario,Madagascar,70.0,False,False,True,Medium (60-75%),3.5,Elite,3.2655172413793103,63.3,True,Outstanding,North America,0,Premium
Terroir,Ecuador,1482,2015,USA,3.25,,Ecuador,70.0,False,False,False,Medium (60-75%),3.5,Elite,3.134715025906736,56.7,False,Good,North America,0,Premium
Terroir,Oko Caribe,1554,2015,USA,3.5,,Dominican Republic,70.0,False,False,True,Medium (60-75%),3.5,Elite,3.2063253012048194,60.3,False,Good,North America,0,Premium
Terroir,Guatemala,1558,2015,USA,3.75,Trinitario,Guatemala,70.0,False,False,True,Medium (60-75%),3.5,Elite,3.321428571428572,66.1,True,Outstanding,North America,0,Premium
Terroir,Ecuador,1323,2014,USA,3.25,,Ecuador,77.0,False,False,False,High (>75%),3.5,Elite,3.134715025906736,56.7,False,Good,North America,0,Premium
Terroir,Madagascar,1323,2014,USA,3.75,Trinitario,Madagascar,67.0,False,False,True,Medium (60-75%),3.5,Elite,3.2655172413793103,63.3,True,Outstanding,North America,0,Premium
Terroir,Uganda,1323,2014,USA,3.75,Forastero,Uganda,73.0,False,False,True,Medium (60-75%),3.5,Elite,2.8125,40.6,False,Outstanding,North America,0,Premium
The Barn,Peru,1614,2015,Sweden,3.0,,Peru,70.0,False,False,False,Medium (60-75%),3.0,Standard,3.137878787878788,56.9,False,Average,Europe,0,Premium
Theo,Congo W/ Nibs,903,2012,USA,3.25,Forastero,Dr Congo,65.0,False,False,False,Medium (60-75%),2.875,Low-Rated,3.325,66.3,True,Good,North America,1,Mass Market
Theo,Madagascar,162,2007,USA,3.5,Trinitario,Madagascar,65.0,False,False,True,Medium (60-75%),2.875,Low-Rated,3.2655172413793103,63.3,True,Good,North America,1,Mass Market
Theo,Ivory Coast,184,2007,USA,2.5,,Cote D Ivoire,75.0,False,False,False,Medium (60-75%),2.875,Low-Rated,2.8,40.0,False,Below Average,North America,2,Experimental
Theo,"Ghana, Kumasi",184,2007,USA,3.0,Forastero,Ghana,84.0,False,False,False,High (>75%),2.875,Low-Rated,3.090909090909091,54.5,False,Average,North America,2,Experimental
Theo,"Venezuela; Barinos, Merida, Tachron",188,2007,USA,2.0,Blend,Venezuela,91.0,False,True,False,High (>75%),2.875,Low-Rated,3.2453271028037385,62.3,True,Below Average,North America,2,Experimental
Theo,"Ghana, Panama, Ecuador",188,2007,USA,3.0,Blend,"Ghana, Panama, Ecuador",75.0,False,False,False,Medium (60-75%),2.875,Low-Rated,3.0,50.0,False,Average,North America,1,Mass Market
Theobroma,"Piura Select, Cacao Blanc",1684,2015,Japan,3.25,,Peru,70.0,False,False,False,Medium (60-75%),3.25,Standard,3.137878787878788,56.9,False,Good,Asia-Pacific,0,Premium
Timo A. Meyer,"Belize, Med Roast",1836,2016,Germany,3.75,"Trinitario, Tcga",Belize,72.0,False,False,True,Medium (60-75%),3.75,Elite,3.2346938775510203,61.7,False,Outstanding,Europe,0,Premium
To'Ak (Ecuatoriana),Manabi,1418,2014,Ecuador,3.25,Forastero (Nacional),Ecuador,81.0,False,False,False,High (>75%),3.25,Standard,3.134715025906736,56.7,False,Good,South America,2,Experimental
Tobago Estate (Pralus),"Roxborough, Tobago",895,2012,France,4.0,Trinitario,Tobago,70.0,False,False,True,Medium (60-75%),4.0,Elite,3.625,81.2,True,Outstanding,Europe,0,Premium
Tocoti,"Wild Bolivian, Jungle Love",927,2012,USA,3.0,Criollo,Bolivia,77.0,False,False,False,High (>75%),2.9166666666666665,Low-Rated,3.1973684210526314,59.9,False,Average,North America,2,Experimental
Tocoti,Venezuela,789,2011,USA,2.75,,Venezuela,72.0,False,False,False,Medium (60-75%),2.9166666666666665,Low-Rated,3.2453271028037385,62.3,True,Average,North America,2,Experimental
Tocoti,Dominican Republic,789,2011,USA,3.0,,Dominican Republic,74.0,False,False,False,Medium (60-75%),2.9166666666666665,Low-Rated,3.2063253012048194,60.3,False,Average,North America,2,Experimental
Treehouse,Conacado,1239,2014,USA,3.0,,Dominican Republic,72.0,False,False,False,Medium (60-75%),3.0,Standard,3.2063253012048194,60.3,False,Average,North America,0,Premium
Tsara (Cinagra),"Ambanja, Tsara Valley",753,2011,Madagascar,3.5,,Madagascar,72.0,False,False,True,Medium (60-75%),3.5,Elite,3.2655172413793103,63.3,True,Good,Africa,1,Mass Market
Twenty-Four Blackbirds,Oko Caribe,1700,2015,USA,2.75,,Dominican Republic,75.0,False,False,False,Medium (60-75%),3.0416666666666665,Standard,3.2063253012048194,60.3,False,Average,North America,2,Experimental
Twenty-Four Blackbirds,"Cedeno, Lot 271",1700,2015,USA,3.5,,Ecuador,75.0,False,False,True,Medium (60-75%),3.0416666666666665,Standard,3.134715025906736,56.7,False,Good,North America,0,Premium
Twenty-Four Blackbirds,Madagascar,1235,2014,USA,3.5,Trinitario,Madagascar,75.0,False,False,True,Medium (60-75%),3.0416666666666665,Standard,3.2655172413793103,63.3,True,Good,North America,0,Premium
Twenty-Four Blackbirds,Dominican Republic,1022,2013,USA,3.25,,Dominican Republic,68.0,False,False,False,Medium (60-75%),3.0416666666666665,Standard,3.2063253012048194,60.3,False,Good,North America,0,Premium
Twenty-Four Blackbirds,Palos Blancos,1026,2013,USA,2.5,,Bolivia,75.0,False,False,False,Medium (60-75%),3.0416666666666665,Standard,3.1973684210526314,59.9,False,Below Average,North America,2,Experimental
Twenty-Four Blackbirds,Dominican Republic,753,2011,USA,2.75,,Dominican Republic,73.0,False,False,False,Medium (60-75%),3.0416666666666665,Standard,3.2063253012048194,60.3,False,Average,North America,2,Experimental
Two Ravens,Peru,1740,2016,USA,3.0,Criollo,Peru,60.0,False,False,False,Medium (60-75%),3.0,Standard,3.137878787878788,56.9,False,Average,North America,0,Premium
Un Dimanche A Paris,Dominican Republic,709,2011,France,3.75,,Dominican Republic,63.0,False,False,True,Medium (60-75%),3.75,Elite,3.2063253012048194,60.3,False,Outstanding,Europe,1,Mass Market
Undone,Matagalpa,1438,2014,USA,2.75,,Nicaragua,74.0,False,False,False,Medium (60-75%),2.875,Low-Rated,3.2,60.0,False,Average,North America,2,Experimental
Undone,Nourish,1438,2014,USA,3.0,,Dominican Republic,70.0,False,False,False,Medium (60-75%),2.875,Low-Rated,3.2063253012048194,60.3,False,Average,North America,0,Premium
Upchurch,"Madagascar, Sassy Bar",1752,2016,USA,3.0,Trinitario,Madagascar,72.0,False,False,False,Medium (60-75%),3.125,Standard,3.2655172413793103,63.3,True,Average,North America,0,Premium
Upchurch,"Tanzania, Party Bar",1752,2016,USA,3.25,,Tanzania,72.0,False,False,False,Medium (60-75%),3.125,Standard,3.2058823529411766,60.3,False,Good,North America,0,Premium
Urzi,"Sur Del Lago, Merida",1327,2014,Italy,3.25,Trinitario,Venezuela,65.0,False,False,False,Medium (60-75%),3.25,Standard,3.2453271028037385,62.3,True,Good,Europe,0,Premium
Valrhona,"Piura, Illanka, Quemazon",1510,2015,France,4.0,,Peru,63.0,False,False,True,Medium (60-75%),3.333333333333333,Standard,3.137878787878788,56.9,False,Outstanding,Europe,0,Premium
Valrhona,"Andoa, Grand Cru Blend",1145,2013,France,3.5,,,70.0,False,False,True,Medium (60-75%),3.333333333333333,Standard,,,False,Good,Europe,0,Premium
Valrhona,"Loma Sotavento, 2013",1153,2013,France,3.5,,Dominican Republic,64.0,False,False,True,Medium (60-75%),3.333333333333333,Standard,3.2063253012048194,60.3,False,Good,Europe,0,Premium
Valrhona,"Otucan, Grand Cru",931,2012,France,4.0,,Venezuela,69.0,False,False,True,Medium (60-75%),3.333333333333333,Standard,3.2453271028037385,62.3,True,Outstanding,Europe,0,Premium
Valrhona,Caraque,709,2011,France,3.25,,,56.0,False,False,False,Low (<60%),3.333333333333333,Standard,,,False,Good,Europe,1,Mass Market
Valrhona,"Porcelana, Pedegral",757,2011,France,4.0,Criollo,Venezuela,64.0,False,False,True,Medium (60-75%),3.333333333333333,Standard,3.2453271028037385,62.3,True,Outstanding,Europe,1,Mass Market
Valrhona,Tainori,327,2009,France,3.75,,Dominican Republic,64.0,False,False,True,Medium (60-75%),3.333333333333333,Standard,3.2063253012048194,60.3,False,Outstanding,Europe,1,Mass Market
Valrhona,Alpaco,370,2009,France,3.75,,Ecuador,66.0,False,False,True,Medium (60-75%),3.333333333333333,Standard,3.134715025906736,56.7,False,Outstanding,Europe,1,Mass Market
Valrhona,Nyangbo,395,2009,France,3.5,Forastero,Ghana,68.0,False,False,True,Medium (60-75%),3.333333333333333,Standard,3.090909090909091,54.5,False,Good,Europe,1,Mass Market
Valrhona,Araguani,117,2007,France,3.0,Blend,"Venezuela, Carribean",72.0,False,False,False,Medium (60-75%),3.333333333333333,Standard,3.0,50.0,False,Average,Europe,1,Mass Market
Valrhona,Chuao 2002 P.,129,2007,France,3.75,Trinitario,Venezuela,65.0,False,False,True,Medium (60-75%),3.333333333333333,Standard,3.2453271028037385,62.3,True,Outstanding,Europe,1,Mass Market
Valrhona,Manjari,129,2007,France,4.0,"Criollo, Trinitario",Madagascar,64.0,False,False,True,Medium (60-75%),3.333333333333333,Standard,3.2655172413793103,63.3,True,Outstanding,Europe,1,Mass Market
Valrhona,Le Noir Extra Amer,147,2007,France,1.5,,,85.0,False,False,False,High (>75%),3.333333333333333,Standard,,,False,Poor,Europe,2,Experimental
Valrhona,Abinao,153,2007,France,2.5,Forastero,West Africa,85.0,False,False,False,High (>75%),3.333333333333333,Standard,2.583333333333333,29.2,False,Below Average,Europe,2,Experimental
Valrhona,Le Noir Amer,157,2007,France,2.75,Forastero,West Africa,71.0,False,False,False,Medium (60-75%),3.333333333333333,Standard,2.583333333333333,29.2,False,Average,Europe,1,Mass Market
Valrhona,"Porcelana, Maracaibo, Palmira P. 2006",162,2007,France,3.25,Criollo (Porcelana),Venezuela,64.0,False,False,False,Medium (60-75%),3.333333333333333,Standard,3.2453271028037385,62.3,True,Good,Europe,1,Mass Market
Valrhona,Caraibe,63,2006,France,3.0,Trinitario,Carribean,66.0,False,False,False,Medium (60-75%),3.333333333333333,Standard,2.96875,48.4,False,Average,Europe,1,Mass Market
Valrhona,Guanaja,63,2006,France,4.0,"Criollo, Trinitario",South America,70.0,False,False,True,Medium (60-75%),3.333333333333333,Standard,3.6666666666666665,83.3,True,Outstanding,Europe,1,Mass Market
Valrhona,Gran Couva 2005 P.,75,2006,France,2.5,Trinitario,Trinidad,64.0,False,False,False,Medium (60-75%),3.333333333333333,Standard,3.2045454545454546,60.2,False,Below Average,Europe,1,Mass Market
Valrhona,"Porcelana, Maracaibo, Palmira P. 2005",75,2006,France,3.0,Criollo (Porcelana),Venezuela,64.0,False,False,False,Medium (60-75%),3.333333333333333,Standard,3.2453271028037385,62.3,True,Average,Europe,1,Mass Market
Valrhona,"Sambirano, Ampamakia 2005, Millot P.",75,2006,France,3.5,Trinitario,Madagascar,64.0,False,False,True,Medium (60-75%),3.333333333333333,Standard,3.2655172413793103,63.3,True,Good,Europe,1,Mass Market
Vanleer (Barry Callebaut),Manhattan,963,2012,USA,2.5,Forastero,Ghana,72.0,False,False,False,Medium (60-75%),2.625,Low-Rated,3.090909090909091,54.5,False,Below Average,North America,2,Experimental
Vanleer (Barry Callebaut),Napa,963,2012,USA,2.75,Forastero,Ghana,65.0,False,False,False,Medium (60-75%),2.625,Low-Rated,3.090909090909091,54.5,False,Average,North America,1,Mass Market
Vao Vao (Chocolaterie Robert),Madagascar,404,2009,Madagascar,2.75,Trinitario,Madagascar,72.0,False,False,False,Medium (60-75%),2.9166666666666665,Low-Rated,3.2655172413793103,63.3,True,Average,Africa,1,Mass Market
Vao Vao (Chocolaterie Robert),Madagascar,404,2009,Madagascar,2.75,Trinitario,Madagascar,76.0,False,False,False,High (>75%),2.9166666666666665,Low-Rated,3.2655172413793103,63.3,True,Average,Africa,2,Experimental
Vao Vao (Chocolaterie Robert),Madagascar,404,2009,Madagascar,2.75,Trinitario,Madagascar,80.0,False,False,False,High (>75%),2.9166666666666665,Low-Rated,3.2655172413793103,63.3,True,Average,Africa,2,Experimental
Vao Vao (Chocolaterie Robert),Madagascar,404,2009,Madagascar,3.0,Trinitario,Madagascar,70.0,False,False,False,Medium (60-75%),2.9166666666666665,Low-Rated,3.2655172413793103,63.3,True,Average,Africa,1,Mass Market
Vao Vao (Chocolaterie Robert),Madagascar W/ Nibs,404,2009,Madagascar,3.0,Trinitario,Madagascar,68.0,False,False,False,Medium (60-75%),2.9166666666666665,Low-Rated,3.2655172413793103,63.3,True,Average,Africa,1,Mass Market
Vao Vao (Chocolaterie Robert),Madagascar,404,2009,Madagascar,3.25,Trinitario,Madagascar,64.0,False,False,False,Medium (60-75%),2.9166666666666665,Low-Rated,3.2655172413793103,63.3,True,Good,Africa,1,Mass Market
Vicuna,Palos Blancos,1470,2015,USA,3.25,,Bolivia,70.0,False,False,False,Medium (60-75%),3.25,Standard,3.1973684210526314,59.9,False,Good,North America,0,Premium
Vicuna,Palos Blancos + Nibs,1470,2015,USA,3.25,,Bolivia,70.0,False,False,False,Medium (60-75%),3.25,Standard,3.1973684210526314,59.9,False,Good,North America,0,Premium
Videri,Dominican Republic,1211,2014,USA,3.25,,Dominican Republic,90.0,False,False,False,High (>75%),3.45,Elite,3.2063253012048194,60.3,False,Good,North America,2,Experimental
Videri,Trinidad,1211,2014,USA,3.5,Trinitario,Trinidad,75.0,False,False,True,Medium (60-75%),3.45,Elite,3.2045454545454546,60.2,False,Good,North America,0,Premium
Videri,Mindo,1227,2014,USA,3.5,,Ecuador,75.0,False,False,True,Medium (60-75%),3.45,Elite,3.134715025906736,56.7,False,Good,North America,0,Premium
Videri,Dark,1117,2013,USA,3.75,,Central And S. America,90.0,False,False,True,High (>75%),3.45,Elite,3.25,62.5,True,Outstanding,North America,2,Experimental
Videri,Classic,991,2012,USA,3.25,,Central And S. America,70.0,False,False,False,Medium (60-75%),3.45,Elite,3.25,62.5,True,Good,North America,0,Premium
Vietcacao (A. Morin),"Ben Tre, Mekong Delta, Mocay",951,2012,France,3.5,Trinitario,Vietnam,70.0,False,False,True,Medium (60-75%),3.5,Elite,3.3157894736842106,65.8,True,Good,Europe,0,Premium
Vintage Plantations,San Martin,1205,2014,USA,3.0,,Peru,75.0,False,False,False,Medium (60-75%),3.0,Standard,3.137878787878788,56.9,False,Average,North America,0,Premium
Vintage Plantations (Tulicorp),"Los Rios, Rancho Grande 2004/2007",153,2007,USA,2.0,Forastero (Arriba),Ecuador,100.0,False,True,False,High (>75%),2.5,Low-Rated,3.134715025906736,56.7,False,Below Average,North America,2,Experimental
Vintage Plantations (Tulicorp),"Los Rios, Rancho Grande 2004/2007",153,2007,USA,2.0,Forastero (Arriba),Ecuador,90.0,False,False,False,High (>75%),2.5,Low-Rated,3.134715025906736,56.7,False,Below Average,North America,2,Experimental
Vintage Plantations (Tulicorp),"Los Rios, Rancho Grande 2004/2007",153,2007,USA,3.0,Forastero (Arriba),Ecuador,75.0,False,False,False,Medium (60-75%),2.5,Low-Rated,3.134715025906736,56.7,False,Average,North America,1,Mass Market
Vintage Plantations (Tulicorp),"Los Rios, Rancho Grande 2007",153,2007,USA,3.0,Forastero (Arriba),Ecuador,65.0,False,False,False,Medium (60-75%),2.5,Low-Rated,3.134715025906736,56.7,False,Average,North America,1,Mass Market
Violet Sky,Sambirano Valley,1458,2015,USA,2.75,Trinitario,Madagascar,77.0,False,False,False,High (>75%),2.95,Low-Rated,3.2655172413793103,63.3,True,Average,North America,2,Experimental
Violet Sky,Moho River Valley,1458,2015,USA,3.0,"Criollo, Trinitario",Belize,77.0,False,False,False,High (>75%),2.95,Low-Rated,3.2346938775510203,61.7,False,Average,North America,0,Premium
Violet Sky,Cuyagua,1458,2015,USA,3.0,Criollo,Venezuela,77.0,False,False,False,High (>75%),2.95,Low-Rated,3.2453271028037385,62.3,True,Average,North America,0,Premium
Violet Sky,Peru,1458,2015,USA,3.25,"Criollo, Trinitario",Peru,77.0,False,False,False,High (>75%),2.95,Low-Rated,3.137878787878788,56.9,False,Good,North America,0,Premium
Violet Sky,Cahabon,1502,2015,USA,2.75,Trinitario,Guatemala,77.0,False,False,False,High (>75%),2.95,Low-Rated,3.321428571428572,66.1,True,Average,North America,2,Experimental
Vivra,Peru,1720,2016,USA,2.5,,Peru,70.0,False,False,False,Medium (60-75%),2.6666666666666665,Low-Rated,3.137878787878788,56.9,False,Below Average,North America,0,Premium
Vivra,Ocumare,1720,2016,USA,2.5,,Venezuela,70.0,False,False,False,Medium (60-75%),2.6666666666666665,Low-Rated,3.2453271028037385,62.3,True,Below Average,North America,0,Premium
Vivra,Dominican Republic,1724,2016,USA,3.0,,Dominican Republic,70.0,False,False,False,Medium (60-75%),2.6666666666666665,Low-Rated,3.2063253012048194,60.3,False,Average,North America,0,Premium
Wellington Chocolate Factory,Conacado,1756,2016,New Zealand,3.5,Trinitario,Dominican Republic,70.0,False,False,True,Medium (60-75%),3.5,Elite,3.2063253012048194,60.3,False,Good,Asia-Pacific,0,Premium
Wellington Chocolate Factory,"Piura Blanco, Norandino",1756,2016,New Zealand,3.5,,Peru,70.0,False,False,True,Medium (60-75%),3.5,Elite,3.137878787878788,56.9,False,Good,Asia-Pacific,0,Premium
Whittakers,Ghana,733,2011,New Zealand,2.5,Forastero,Ghana,72.0,False,False,False,Medium (60-75%),2.5,Low-Rated,3.090909090909091,54.5,False,Below Average,Asia-Pacific,2,Experimental
Wilkie'S Organic,Amazonas,1169,2013,Ireland,2.5,Criollo,Peru,75.0,False,False,False,Medium (60-75%),2.8125,Low-Rated,3.137878787878788,56.9,False,Below Average,Europe,2,Experimental
Wilkie'S Organic,Amazonas,1169,2013,Ireland,2.75,Criollo,Peru,89.0,False,False,False,High (>75%),2.8125,Low-Rated,3.137878787878788,56.9,False,Average,Europe,2,Experimental
Wilkie'S Organic,Tumbes,1169,2013,Ireland,3.25,Criollo,Peru,75.0,False,False,False,Medium (60-75%),2.8125,Low-Rated,3.137878787878788,56.9,False,Good,Europe,0,Premium
Wilkie'S Organic,Amazonas W/ Nibs,1173,2013,Ireland,2.75,Criollo,Peru,75.0,False,False,False,Medium (60-75%),2.8125,Low-Rated,3.137878787878788,56.9,False,Average,Europe,2,Experimental
Willie'S Cacao,Los Llanos,1848,2016,U.K.,4.0,,Colombia,70.0,False,False,True,Medium (60-75%),3.21875,Standard,3.225,61.3,False,Outstanding,Other,0,Premium
Willie'S Cacao,Los Llanos,1227,2014,U.K.,3.0,Trinitario,Colombia,88.0,False,False,False,High (>75%),3.21875,Standard,3.225,61.3,False,Average,Other,2,Experimental
Willie'S Cacao,"Java, Indonesian Black",1109,2013,U.K.,2.25,,Indonesia,100.0,False,True,False,High (>75%),3.21875,Standard,3.1875,59.4,False,Below Average,Other,2,Experimental
Willie'S Cacao,Sambirano,593,2010,U.K.,3.0,Trinitario,Madagascar,71.0,False,False,False,Medium (60-75%),3.21875,Standard,3.2655172413793103,63.3,True,Average,Other,1,Mass Market
Willie'S Cacao,Hacienda Las Trincheras,593,2010,U.K.,3.5,,Venezuela,72.0,False,False,True,Medium (60-75%),3.21875,Standard,3.2453271028037385,62.3,True,Good,Other,1,Mass Market
Willie'S Cacao,Java,593,2010,U.K.,3.75,,Indonesia,69.0,False,False,True,Medium (60-75%),3.21875,Standard,3.1875,59.4,False,Outstanding,Other,1,Mass Market
Willie'S Cacao,San Martin,457,2009,U.K.,3.0,,Peru,70.0,False,False,False,Medium (60-75%),3.21875,Standard,3.137878787878788,56.9,False,Average,Other,1,Mass Market
Willie'S Cacao,Rio Caribe,457,2009,U.K.,3.25,Trinitario,Venezuela,72.0,False,False,False,Medium (60-75%),3.21875,Standard,3.2453271028037385,62.3,True,Good,Other,1,Mass Market
Wm,"Guasare, Zulia Prov., 2015, Batch 124",1912,2016,USA,3.0,Criollo,Venezuela,74.0,False,False,False,Medium (60-75%),3.4166666666666665,Elite,3.2453271028037385,62.3,True,Average,North America,0,Premium
Wm,"Wild Beniano, 2016, Batch 128, Heirloom",1912,2016,USA,3.5,,Bolivia,76.0,False,False,True,High (>75%),3.4166666666666665,Elite,3.1973684210526314,59.9,False,Good,North America,0,Premium
Wm,"Ghana, 2013, Batch 129",1916,2016,USA,3.75,,Ghana,75.0,False,False,True,Medium (60-75%),3.4166666666666665,Elite,3.090909090909091,54.5,False,Outstanding,North America,0,Premium
Woodblock,"Maranon, Cajamarca",1243,2014,USA,3.0,Forastero (Nacional),Peru,70.0,False,False,False,Medium (60-75%),3.25,Standard,3.137878787878788,56.9,False,Average,North America,0,Premium
Woodblock,"Camino Verde P., Balao, Guayas",1042,2013,USA,3.25,,Ecuador,70.0,False,False,False,Medium (60-75%),3.25,Standard,3.134715025906736,56.7,False,Good,North America,0,Premium
Woodblock,Gran Couva,1042,2013,USA,3.5,Trinitario,Trinidad,70.0,False,False,True,Medium (60-75%),3.25,Standard,3.2045454545454546,60.2,False,Good,North America,0,Premium
Woodblock,Ecuador,825,2012,USA,2.5,,Ecuador,70.0,False,False,False,Medium (60-75%),3.25,Standard,3.134715025906736,56.7,False,Below Average,North America,2,Experimental
Woodblock,Costa Rica,825,2012,USA,3.0,,Costa Rica,70.0,False,False,False,Medium (60-75%),3.25,Standard,3.1447368421052637,57.2,False,Average,North America,0,Premium
Woodblock,Sambirano,951,2012,USA,3.25,Trinitario,Madagascar,70.0,False,False,False,Medium (60-75%),3.25,Standard,3.2655172413793103,63.3,True,Good,North America,0,Premium
Woodblock,Ocumare,741,2011,USA,4.0,,Venezuela,70.0,False,False,True,Medium (60-75%),3.25,Standard,3.2453271028037385,62.3,True,Outstanding,North America,1,Mass Market
Woodblock,La Red,769,2011,USA,3.5,,Dominican Republic,70.0,False,False,True,Medium (60-75%),3.25,Standard,3.2063253012048194,60.3,False,Good,North America,1,Mass Market
Xocolat,Hispaniola,1057,2013,Dominican Republic,3.0,,Dominican Republic,66.0,False,False,False,Medium (60-75%),3.0,Standard,3.2063253012048194,60.3,False,Average,Other,0,Premium
Xocolla,"Sambirano, Batch 170102",1948,2017,USA,2.75,,Madagascar,70.0,False,False,False,Medium (60-75%),2.625,Low-Rated,3.2655172413793103,63.3,True,Average,North America,0,Premium
Xocolla,"Hispaniola, Batch 170104",1948,2017,USA,2.5,,Dominican Republic,70.0,False,False,False,Medium (60-75%),2.625,Low-Rated,3.2063253012048194,60.3,False,Below Average,North America,0,Premium
Zak'S,"Papua New Guinea, Batch 2",1574,2015,USA,3.0,,Papua New Guinea,70.0,False,False,False,Medium (60-75%),3.208333333333333,Standard,3.2916666666666665,64.6,True,Average,North America,0,Premium
Zak'S,"Dominican Republic, Batch D2",1578,2015,USA,3.25,,Dominican Republic,70.0,False,False,False,Medium (60-75%),3.208333333333333,Standard,3.2063253012048194,60.3,False,Good,North America,0,Premium
Zak'S,"Madagascar, Batch 2",1578,2015,USA,3.25,Trinitario,Madagascar,70.0,False,False,False,Medium (60-75%),3.208333333333333,Standard,3.2655172413793103,63.3,True,Good,North America,0,Premium
Zak'S,"Peru, Batch 1",1578,2015,USA,3.25,,Peru,70.0,False,False,False,Medium (60-75%),3.208333333333333,Standard,3.137878787878788,56.9,False,Good,North America,0,Premium
Zak'S,"Belize, Batch 2",1578,2015,USA,3.5,Trinitario,Belize,70.0,False,False,True,Medium (60-75%),3.208333333333333,Standard,3.2346938775510203,61.7,False,Good,North America,0,Premium
Zak'S,"House Blend, Batch 2",1582,2015,USA,3.0,,,60.0,False,False,False,Medium (60-75%),3.208333333333333,Standard,,,False,Average,North America,0,Premium
Zart Pralinen,"Millot P., Ambanja",1820,2016,Austria,3.5,"Criollo, Trinitario",Madagascar,70.0,False,False,True,Medium (60-75%),3.1666666666666665,Standard,3.2655172413793103,63.3,True,Good,Europe,0,Premium
Zart Pralinen,Unocace,1824,2016,Austria,2.75,Nacional (Arriba),Ecuador,70.0,False,False,False,Medium (60-75%),3.1666666666666665,Standard,3.134715025906736,56.7,False,Average,Europe,0,Premium
Zart Pralinen,San Juan Estate,1824,2016,Austria,2.75,Trinitario,Trinidad,85.0,False,False,False,High (>75%),3.1666666666666665,Standard,3.2045454545454546,60.2,False,Average,Europe,2,Experimental
Zart Pralinen,"Kakao Kamili, Kilombero Valley",1824,2016,Austria,3.0,"Criollo, Trinitario",Tanzania,85.0,False,False,False,High (>75%),3.1666666666666665,Standard,3.2058823529411766,60.3,False,Average,Europe,2,Experimental
Zart Pralinen,"Kakao Kamili, Kilombero Valley",1824,2016,Austria,3.5,"Criollo, Trinitario",Tanzania,70.0,False,False,True,Medium (60-75%),3.1666666666666665,Standard,3.2058823529411766,60.3,False,Good,Europe,0,Premium
Zart Pralinen,"San Juan Estate, Gran Couva",1880,2016,Austria,3.5,Trinitario,Trinidad,78.0,False,False,True,High (>75%),3.1666666666666665,Standard,3.2045454545454546,60.2,False,Good,Europe,0,Premium
Zokoko,Guadalcanal,1716,2016,Australia,3.75,,Solomon Islands,78.0,False,False,True,High (>75%),3.55,Elite,3.4375,71.9,True,Outstanding,Asia-Pacific,0,Premium
Zokoko,Goddess Blend,1780,2016,Australia,3.25,,,65.0,False,False,False,Medium (60-75%),3.55,Elite,,,False,Good,Asia-Pacific,0,Premium
Zokoko,Alto Beni,697,2011,Australia,3.5,,Bolivia,68.0,False,False,True,Medium (60-75%),3.55,Elite,3.1973684210526314,59.9,False,Good,Asia-Pacific,1,Mass Market
Zokoko,Tokiala,701,2011,Australia,3.5,Trinitario,Papua New Guinea,66.0,False,False,True,Medium (60-75%),3.55,Elite,3.2916666666666665,64.6,True,Good,Asia-Pacific,1,Mass Market
Zokoko,"Tranquilidad, Baures",701,2011,Australia,3.75,,Bolivia,72.0,False,False,True,Medium (60-75%),3.55,Elite,3.1973684210526314,59.9,False,Outstanding,Asia-Pacific,1,Mass Market
Zotter,Raw,1205,2014,Austria,2.75,,,80.0,False,False,False,High (>75%),3.3088235294117645,Standard,,,False,Average,Europe,2,Experimental
Zotter,"Bocas Del Toro, Cocabo Co-Op",801,2012,Austria,3.5,,Panama,72.0,False,False,True,Medium (60-75%),3.3088235294117645,Standard,3.1785714285714284,58.9,False,Good,Europe,0,Premium
Zotter,Amazonas Frucht,801,2012,Austria,3.5,,,65.0,False,False,True,Medium (60-75%),3.3088235294117645,Standard,,,False,Good,Europe,0,Premium
Zotter,"Satipo Pangoa Region, 16Hr Conche",875,2012,Austria,3.0,Criollo (Amarru),Peru,70.0,False,False,False,Medium (60-75%),3.3088235294117645,Standard,3.137878787878788,56.9,False,Average,Europe,0,Premium
Zotter,"Satipo Pangoa Region, 20Hr Conche",875,2012,Austria,3.5,Criollo (Amarru),Peru,70.0,False,False,True,Medium (60-75%),3.3088235294117645,Standard,3.137878787878788,56.9,False,Good,Europe,0,Premium
Zotter,"Loma Los Pinos, Yacao Region, D.R.",875,2012,Austria,3.75,,Dominican Republic,62.0,False,False,True,Medium (60-75%),3.3088235294117645,Standard,3.2063253012048194,60.3,False,Outstanding,Europe,1,Mass Market
Zotter,El Oro,879,2012,Austria,3.0,Forastero (Nacional),Ecuador,75.0,False,False,False,Medium (60-75%),3.3088235294117645,Standard,3.134715025906736,56.7,False,Average,Europe,2,Experimental
Zotter,Huiwani Coop,879,2012,Austria,3.0,"Criollo, Trinitario",Papua New Guinea,75.0,False,False,False,Medium (60-75%),3.3088235294117645,Standard,3.2916666666666665,64.6,True,Average,Europe,2,Experimental
Zotter,El Ceibo Coop,879,2012,Austria,3.25,,Bolivia,90.0,False,False,False,High (>75%),3.3088235294117645,Standard,3.1973684210526314,59.9,False,Good,Europe,2,Experimental
Zotter,Santo Domingo,879,2012,Austria,3.75,,Dominican Republic,70.0,False,False,True,Medium (60-75%),3.3088235294117645,Standard,3.2063253012048194,60.3,False,Outstanding,Europe,0,Premium
Zotter,"Kongo, Highlands",883,2012,Austria,3.25,Forastero,Dr Congo,68.0,False,False,False,Medium (60-75%),3.3088235294117645,Standard,3.325,66.3,True,Good,Europe,0,Premium
Zotter,"Indianer, Raw",883,2012,Austria,3.5,,,58.0,False,False,True,Low (<60%),3.3088235294117645,Standard,,,False,Good,Europe,1,Mass Market
Zotter,Peru,647,2011,Austria,3.75,,Peru,70.0,False,False,True,Medium (60-75%),3.3088235294117645,Standard,3.137878787878788,56.9,False,Outstanding,Europe,1,Mass Market
Zotter,Congo,749,2011,Austria,3.0,Forastero,Dr Congo,65.0,False,False,False,Medium (60-75%),3.3088235294117645,Standard,3.325,66.3,True,Average,Europe,1,Mass Market
Zotter,Kerala State,749,2011,Austria,3.5,Forastero,India,65.0,False,False,True,Medium (60-75%),3.3088235294117645,Standard,3.125,56.2,False,Good,Europe,1,Mass Market
Zotter,Kerala State,781,2011,Austria,3.25,,India,62.0,False,False,False,Medium (60-75%),3.3088235294117645,Standard,3.125,56.2,False,Good,Europe,1,Mass Market
Zotter,"Brazil, Mitzi Blue",486,2010,Austria,3.0,,Brazil,65.0,False,False,False,Medium (60-75%),3.3088235294117645,Standard,3.284482758620689,64.2,True,Average,Europe,1,Mass Market
